형태소,품사,문어_횟수,문어_비율,문어_파일,문어_의미,구어_횟수,구어_의미,구어_파일,구어_의미,전체_횟수,전체_비율,전체_파일,전체_의미
없,VA,"101,131",0.34%,445,1,"4,320",0.27%,195,0,"105,451",0.33%,640,1
같,VA,"51,514",0.17%,444,0,"5,226",0.32%,196,0,"56,740",0.18%,640,0
그렇,VA,"31,843",0.11%,432,0,"4,244",0.26%,194,0,"36,087",0.11%,626,0
많,VA,"24,911",0.08%,444,0,"1,677",0.10%,175,0,"26,588",0.08%,619,0
크,VA,"25,659",0.09%,446,0,758,0.05%,162,0,"26,417",0.08%,608,0
좋,VA,"21,985",0.07%,433,0,"3,268",0.20%,192,0,"25,253",0.08%,625,0
어떻,VA,"14,295",0.05%,431,0,263,0.02%,104,0,"14,558",0.05%,535,0
이렇,VA,"12,894",0.04%,420,0,229,0.01%,97,0,"13,123",0.04%,517,0
있,VA,272,0.00%,109,0,"12,756",0.79%,199,0,"13,028",0.04%,308,0
새롭,VA,"10,646",0.04%,418,0,156,0.01%,56,0,"10,802",0.03%,474,0
다르,VA,"9,202",0.03%,422,0,790,0.05%,140,0,"9,992",0.03%,562,0
어렵,VA,"9,416",0.03%,431,0,401,0.02%,102,0,"9,817",0.03%,533,0
높,VA,"9,256",0.03%,435,0,191,0.01%,72,0,"9,447",0.03%,507,0
쉽,VA,"7,111",0.02%,420,0,355,0.02%,102,0,"7,466",0.02%,522,0
작,VA,"7,087",0.02%,418,2,163,0.01%,74,0,"7,250",0.02%,492,2
길,VA,"5,575",0.02%,403,0,204,0.01%,80,0,"5,779",0.02%,483,0
아름답,VA,"5,113",0.02%,328,0,48,0.00%,21,0,"5,161",0.02%,349,0
깊,VA,"4,762",0.02%,414,0,49,0.00%,28,0,"4,811",0.02%,442,0
어리,VA,"4,260",0.01%,367,4,272,0.02%,81,0,"4,532",0.01%,448,4
힘들,VA,"3,745",0.01%,383,0,527,0.03%,122,0,"4,272",0.01%,505,0
젊,VA,"4,090",0.01%,389,0,80,0.00%,41,0,"4,170",0.01%,430,0
멀,VA,"4,002",0.01%,394,0,88,0.01%,52,0,"4,090",0.01%,446,0
가깝,VA,"3,712",0.01%,403,0,133,0.01%,69,0,"3,845",0.01%,472,0
적,VA,"3,735",0.01%,400,0,85,0.01%,43,0,"3,820",0.01%,443,0
심하,VA,"3,107",0.01%,398,0,186,0.01%,75,0,"3,293",0.01%,473,0
낮,VA,"3,097",0.01%,380,0,102,0.01%,41,0,"3,199",0.01%,421,0
아프,VA,"2,964",0.01%,331,0,224,0.01%,77,0,"3,188",0.01%,408,0
빠르,VA,"2,897",0.01%,393,0,122,0.01%,58,0,"3,019",0.01%,451,0
나쁘,VA,"2,643",0.01%,380,1,276,0.02%,87,0,"2,919",0.01%,467,1
싫,VA,"2,402",0.01%,297,0,509,0.03%,122,0,"2,911",0.01%,419,0
늦,VA,"2,557",0.01%,374,0,194,0.01%,80,0,"2,751",0.01%,454,0
넓,VA,"2,661",0.01%,376,0,68,0.00%,38,0,"2,729",0.01%,414,0
무섭,VA,"2,451",0.01%,314,0,191,0.01%,59,0,"2,642",0.01%,373,0
짧,VA,"2,434",0.01%,374,0,114,0.01%,55,0,"2,548",0.01%,429,0
커다랗,VA,"2,315",0.01%,353,0,35,0.00%,19,0,"2,350",0.01%,372,0
엄청나,VA,"2,235",0.01%,371,0,93,0.01%,46,0,"2,328",0.01%,417,0
지나치,VA,"2,233",0.01%,376,0,21,0.00%,13,0,"2,254",0.01%,389,0
희,VA,"2,136",0.01%,264,0,34,0.00%,14,0,"2,170",0.01%,278,0
이러하,VA,"2,081",0.01%,36,0,0,0.00%,0,0,"2,081",0.01%,36,0
검,VA,"2,030",0.01%,293,1,20,0.00%,10,0,"2,050",0.01%,303,1
어둡,VA,"2,023",0.01%,340,0,21,0.00%,16,0,"2,044",0.01%,356,0
옳,VA,"2,021",0.01%,334,0,23,0.00%,14,0,"2,044",0.01%,348,0
괜찮,VA,"1,529",0.01%,271,0,483,0.03%,118,0,"2,012",0.01%,389,0
똑같,VA,"1,613",0.01%,335,0,393,0.02%,117,0,"2,006",0.01%,452,0
밝,VA,"1,960",0.01%,362,0,21,0.00%,11,0,"1,981",0.01%,373,0
바쁘,VA,"1,836",0.01%,318,0,107,0.01%,49,0,"1,943",0.01%,367,0
가볍,VA,"1,892",0.01%,335,0,33,0.00%,23,0,"1,925",0.01%,358,0
뜨겁,VA,"1,847",0.01%,328,0,39,0.00%,19,0,"1,886",0.01%,347,0
붉,VA,"1,845",0.01%,263,1,11,0.00%,4,0,"1,856",0.01%,267,1
하얗,VA,"1,785",0.01%,247,0,43,0.00%,28,0,"1,828",0.01%,275,0
고맙,VA,"1,700",0.01%,255,1,95,0.01%,54,0,"1,795",0.01%,309,1
예쁘,VA,"1,558",0.01%,232,0,141,0.01%,55,0,"1,699",0.01%,287,0
푸르,VA,"1,661",0.01%,241,0,28,0.00%,7,0,"1,689",0.01%,248,0
무겁,VA,"1,638",0.01%,338,0,45,0.00%,28,0,"1,683",0.01%,366,0
수많,VA,"1,648",0.01%,341,0,13,0.00%,10,0,"1,661",0.01%,351,0
맑,VA,"1,607",0.01%,301,0,16,0.00%,11,0,"1,623",0.01%,312,0
즐겁,VA,"1,556",0.01%,284,0,54,0.00%,31,0,"1,610",0.01%,315,0
좁,VA,"1,538",0.01%,328,0,35,0.00%,24,0,"1,573",0.00%,352,0
부드럽,VA,"1,540",0.01%,262,0,23,0.00%,13,0,"1,563",0.00%,275,0
재미있,VA,"1,466",0.00%,247,0,84,0.01%,31,0,"1,550",0.00%,278,0
약하,VA,"1,447",0.00%,336,0,65,0.00%,40,0,"1,512",0.00%,376,0
낯설,VA,"1,485",0.00%,272,0,13,0.00%,8,0,"1,498",0.00%,280,0
편하,VA,"1,252",0.00%,302,0,176,0.01%,73,0,"1,428",0.00%,375,0
낫,VA,"1,228",0.00%,326,2,199,0.01%,89,0,"1,427",0.00%,415,2
틀림없,VA,"1,325",0.00%,295,0,1,0.00%,1,0,"1,326",0.00%,296,0
비싸,VA,"1,134",0.00%,306,0,187,0.01%,51,0,"1,321",0.00%,357,0
강하,VA,"1,184",0.00%,109,2,102,0.01%,50,0,"1,286",0.00%,159,2
슬프,VA,"1,217",0.00%,233,0,44,0.00%,25,0,"1,261",0.00%,258,0
춥,VA,"1,162",0.00%,237,0,84,0.01%,32,0,"1,246",0.00%,269,0
놀랍,VA,"1,204",0.00%,307,0,16,0.00%,11,0,"1,220",0.00%,318,0
곱,VA,"1,184",0.00%,266,3,14,0.00%,10,0,"1,198",0.00%,276,3
짙,VA,"1,152",0.00%,296,0,14,0.00%,8,0,"1,166",0.00%,304,0
뛰어나,VA,"1,138",0.00%,288,0,25,0.00%,13,0,"1,163",0.00%,301,0
낡,VA,"1,148",0.00%,285,0,4,0.00%,3,0,"1,152",0.00%,288,0
드물,VA,"1,105",0.00%,318,0,20,0.00%,14,0,"1,125",0.00%,332,0
거칠,VA,"1,082",0.00%,265,0,32,0.00%,8,0,"1,114",0.00%,273,0
안타깝,VA,"1,068",0.00%,306,0,30,0.00%,23,0,"1,098",0.00%,329,0
부끄럽,VA,"1,080",0.00%,267,0,6,0.00%,5,0,"1,086",0.00%,272,0
기쁘,VA,"1,044",0.00%,257,0,42,0.00%,21,0,"1,086",0.00%,278,0
바르,VA,992,0.00%,262,2,21,0.00%,14,0,"1,013",0.00%,276,2
두렵,VA,965,0.00%,258,0,39,0.00%,15,0,"1,004",0.00%,273,0
반갑,VA,975,0.00%,245,0,27,0.00%,16,0,"1,002",0.00%,261,0
맛있,VA,778,0.00%,184,0,210,0.01%,48,0,988,0.00%,232,0
흔하,VA,956,0.00%,250,0,21,0.00%,15,0,977,0.00%,265,0
착하,VA,927,0.00%,196,0,39,0.00%,22,0,966,0.00%,218,0
차갑,VA,947,0.00%,209,0,13,0.00%,9,0,960,0.00%,218,0
싸,VA,832,0.00%,249,2,115,0.01%,40,0,947,0.00%,289,2
조그맣,VA,934,0.00%,231,0,7,0.00%,5,0,941,0.00%,236,0
외롭,VA,912,0.00%,233,0,23,0.00%,14,0,935,0.00%,247,0
올바르,VA,902,0.00%,234,0,23,0.00%,13,0,925,0.00%,247,0
빨갛,VA,856,0.00%,213,0,68,0.00%,37,0,924,0.00%,250,0
멋지,VA,836,0.00%,220,0,46,0.00%,21,0,882,0.00%,241,0
날카롭,VA,842,0.00%,248,0,17,0.00%,6,0,859,0.00%,254,0
급하,VA,812,0.00%,267,0,45,0.00%,26,0,857,0.00%,293,0
친하,VA,603,0.00%,195,0,237,0.01%,63,0,840,0.00%,258,0
저렇,VA,819,0.00%,201,0,11,0.00%,11,0,830,0.00%,212,0
굵,VA,804,0.00%,220,0,12,0.00%,8,0,816,0.00%,228,0
굳,VA,809,0.00%,263,0,6,0.00%,3,0,815,0.00%,266,0
이르,VA,800,0.00%,265,0,11,0.00%,9,0,811,0.00%,274,0
아쉽,VA,737,0.00%,252,0,46,0.00%,29,0,783,0.00%,281,0
느리,VA,707,0.00%,194,0,35,0.00%,20,0,742,0.00%,214,0
환하,VA,730,0.00%,183,0,3,0.00%,3,0,733,0.00%,186,0
더럽,VA,719,0.00%,205,0,11,0.00%,10,0,730,0.00%,215,0
그립,VA,697,0.00%,187,0,9,0.00%,4,0,706,0.00%,191,0
뒤늦,VA,697,0.00%,254,0,6,0.00%,4,0,703,0.00%,258,0
괴롭,VA,672,0.00%,207,0,27,0.00%,18,0,699,0.00%,225,0
덥,VA,606,0.00%,197,0,66,0.00%,35,0,672,0.00%,232,0
귀엽,VA,623,0.00%,182,0,44,0.00%,19,0,667,0.00%,201,0
아무렇,VA,651,0.00%,197,0,10,0.00%,10,0,661,0.00%,207,0
우습,VA,646,0.00%,221,0,15,0.00%,12,0,661,0.00%,233,0
가늘,VA,653,0.00%,164,0,3,0.00%,2,0,656,0.00%,166,0
알맞,VA,651,0.00%,198,0,4,0.00%,4,0,655,0.00%,202,0
어리석,VA,642,0.00%,217,0,5,0.00%,3,0,647,0.00%,220,0
귀하,VA,632,0.00%,196,0,10,0.00%,5,0,642,0.00%,201,0
둥글,VA,634,0.00%,176,0,5,0.00%,2,0,639,0.00%,178,0
부럽,VA,573,0.00%,198,0,62,0.00%,28,0,635,0.00%,226,0
노랗,VA,603,0.00%,180,0,22,0.00%,12,0,625,0.00%,192,0
귀찮,VA,558,0.00%,198,0,66,0.00%,40,0,624,0.00%,238,0
재밌,VA,74,0.00%,32,0,549,0.03%,99,0,623,0.00%,131,0
별다르,VA,610,0.00%,255,0,3,0.00%,3,0,613,0.00%,258,0
세,VA,590,0.00%,213,1,17,0.00%,9,0,607,0.00%,222,1
까맣,VA,566,0.00%,180,0,25,0.00%,16,0,591,0.00%,196,0
그러하,VA,580,0.00%,35,0,0,0.00%,0,0,580,0.00%,35,0
두껍,VA,533,0.00%,197,0,42,0.00%,25,0,575,0.00%,222,0
어지럽,VA,560,0.00%,200,0,10,0.00%,6,0,570,0.00%,206,0
거세,VA,551,0.00%,222,0,1,0.00%,1,0,552,0.00%,223,0
다름없,VA,548,0.00%,207,0,0,0.00%,0,0,548,0.00%,207,0
차,VA,509,0.00%,170,2,24,0.00%,12,0,533,0.00%,182,2
흐리,VA,522,0.00%,200,2,9,0.00%,4,0,531,0.00%,204,2
파랗,VA,512,0.00%,173,0,19,0.00%,10,0,531,0.00%,183,0
밉,VA,501,0.00%,178,0,26,0.00%,17,0,527,0.00%,195,0
아깝,VA,476,0.00%,186,0,48,0.00%,33,0,524,0.00%,219,0
시끄럽,VA,485,0.00%,183,0,37,0.00%,21,0,522,0.00%,204,0
눈부시,VA,509,0.00%,210,0,0,0.00%,0,0,509,0.00%,210,0
잦,VA,468,0.00%,211,0,3,0.00%,3,0,471,0.00%,214,0
얇,VA,457,0.00%,150,0,14,0.00%,9,0,471,0.00%,159,0
못지않,VA,455,0.00%,174,0,2,0.00%,2,0,457,0.00%,176,0
진하,VA,435,0.00%,171,0,18,0.00%,14,0,453,0.00%,185,0
힘겹,VA,441,0.00%,179,0,2,0.00%,2,0,443,0.00%,181,0
손쉽,VA,437,0.00%,192,0,2,0.00%,2,0,439,0.00%,194,0
점잖,VA,424,0.00%,151,0,8,0.00%,2,0,432,0.00%,153,0
고프,VA,404,0.00%,134,0,27,0.00%,18,0,431,0.00%,152,0
까다롭,VA,406,0.00%,197,0,13,0.00%,10,0,419,0.00%,207,0
힘차,VA,410,0.00%,178,0,1,0.00%,1,0,411,0.00%,179,0
폭넓,VA,405,0.00%,178,0,4,0.00%,4,0,409,0.00%,182,0
숱하,VA,394,0.00%,185,0,4,0.00%,3,0,398,0.00%,188,0
가쁘,VA,398,0.00%,154,0,0,0.00%,0,0,398,0.00%,154,0
상관없,VA,326,0.00%,136,0,71,0.00%,45,0,397,0.00%,181,0
걸맞,VA,391,0.00%,204,0,6,0.00%,4,0,397,0.00%,208,0
못하,VA,389,0.00%,134,0,0,0.00%,0,0,389,0.00%,134,0
잘나,VA,360,0.00%,130,0,26,0.00%,15,0,386,0.00%,145,0
사납,VA,381,0.00%,148,0,3,0.00%,2,0,384,0.00%,150,0
두드러지,VA,377,0.00%,155,0,2,0.00%,2,0,379,0.00%,157,0
끈질기,VA,374,0.00%,184,0,0,0.00%,0,0,374,0.00%,184,0
달,VA,332,0.00%,117,2,20,0.00%,9,0,352,0.00%,126,2
험하,VA,342,0.00%,162,0,3,0.00%,3,0,345,0.00%,165,0
이쁘,VA,147,0.00%,64,0,193,0.01%,54,0,340,0.00%,118,0
누렇,VA,330,0.00%,137,0,1,0.00%,1,0,331,0.00%,138,0
시커멓,VA,312,0.00%,118,0,15,0.00%,10,0,327,0.00%,128,0
오래,VA,320,0.00%,156,0,0,0.00%,0,0,320,0.00%,156,0
낯익,VA,316,0.00%,126,0,1,0.00%,1,0,317,0.00%,127,0
배고프,VA,274,0.00%,127,0,43,0.00%,18,0,317,0.00%,145,0
끊임없,VA,314,0.00%,146,0,1,0.00%,1,0,315,0.00%,147,0
갑작스럽,VA,310,0.00%,109,0,0,0.00%,0,0,310,0.00%,109,0
남다르,VA,308,0.00%,158,0,1,0.00%,1,0,309,0.00%,159,0
지겹,VA,273,0.00%,119,0,29,0.00%,22,0,302,0.00%,141,0
비,VA,298,0.00%,87,0,0,0.00%,0,0,298,0.00%,87,0
쓸데없,VA,273,0.00%,126,0,25,0.00%,13,0,298,0.00%,139,0
못나,VA,295,0.00%,131,0,0,0.00%,0,0,295,0.00%,131,0
고르,VA,289,0.00%,148,0,5,0.00%,4,0,294,0.00%,152,0
끝없,VA,292,0.00%,137,0,1,0.00%,1,0,293,0.00%,138,0
벅차,VA,288,0.00%,152,0,3,0.00%,3,0,291,0.00%,155,0
묘하,VA,283,0.00%,91,0,7,0.00%,4,0,290,0.00%,95,0
기막히,VA,289,0.00%,137,0,0,0.00%,0,0,289,0.00%,137,0
서럽,VA,283,0.00%,124,0,4,0.00%,3,0,287,0.00%,127,0
서글프,VA,282,0.00%,131,0,3,0.00%,2,0,285,0.00%,133,0
두텁,VA,282,0.00%,149,0,2,0.00%,1,0,284,0.00%,150,0
세차,VA,280,0.00%,120,0,2,0.00%,2,0,282,0.00%,122,0
값싸,VA,281,0.00%,134,0,1,0.00%,1,0,282,0.00%,135,0
그르,VA,282,0.00%,135,0,0,0.00%,0,0,282,0.00%,135,0
따갑,VA,277,0.00%,151,0,3,0.00%,3,0,280,0.00%,154,0
모질,VA,273,0.00%,122,0,1,0.00%,1,0,274,0.00%,123,0
가엾,VA,273,0.00%,104,0,0,0.00%,0,0,273,0.00%,104,0
잘,VA,261,0.00%,115,0,11,0.00%,6,0,272,0.00%,121,0
참되,VA,272,0.00%,70,0,0,0.00%,0,0,272,0.00%,70,0
허옇,VA,265,0.00%,90,0,6,0.00%,4,0,271,0.00%,94,0
밤늦,VA,266,0.00%,135,0,2,0.00%,2,0,268,0.00%,137,0
어떠하,VA,267,0.00%,29,0,0,0.00%,0,0,267,0.00%,29,0
엷,VA,257,0.00%,119,0,0,0.00%,0,0,257,0.00%,119,0
색다르,VA,253,0.00%,132,0,4,0.00%,4,0,257,0.00%,136,0
성하,VA,256,0.00%,99,3,0,0.00%,0,0,256,0.00%,99,3
동그랗,VA,246,0.00%,105,0,6,0.00%,5,0,252,0.00%,110,0
비좁,VA,248,0.00%,109,0,0,0.00%,0,0,248,0.00%,109,0
게으르,VA,236,0.00%,125,0,12,0.00%,6,0,248,0.00%,131,0
메마르,VA,246,0.00%,123,0,1,0.00%,1,0,247,0.00%,124,0
맵,VA,225,0.00%,106,0,18,0.00%,9,0,243,0.00%,115,0
벌겋,VA,240,0.00%,102,0,2,0.00%,2,0,242,0.00%,104,0
쑥스럽,VA,228,0.00%,108,0,11,0.00%,7,0,239,0.00%,115,0
엄하,VA,222,0.00%,116,0,14,0.00%,10,0,236,0.00%,126,0
어이없,VA,221,0.00%,116,0,14,0.00%,6,0,235,0.00%,122,0
쓰,VA,228,0.00%,112,1,5,0.00%,3,0,233,0.00%,115,1
헛되,VA,227,0.00%,120,0,4,0.00%,3,0,231,0.00%,123,0
가느다랗,VA,229,0.00%,89,0,0,0.00%,0,0,229,0.00%,89,0
익,VA,226,0.00%,113,0,2,0.00%,1,0,228,0.00%,114,0
너그럽,VA,227,0.00%,116,0,1,0.00%,1,0,228,0.00%,117,0
마지못하,VA,228,0.00%,128,0,0,0.00%,0,0,228,0.00%,128,0
가파르,VA,224,0.00%,120,0,1,0.00%,1,0,225,0.00%,121,0
어설프,VA,208,0.00%,121,0,17,0.00%,12,0,225,0.00%,133,0
서투르,VA,225,0.00%,116,0,0,0.00%,0,0,225,0.00%,116,0
하찮,VA,217,0.00%,121,0,2,0.00%,2,0,219,0.00%,123,0
시리,VA,210,0.00%,99,0,5,0.00%,3,0,215,0.00%,102,0
매끄럽,VA,204,0.00%,112,0,9,0.00%,5,0,213,0.00%,117,0
우스꽝스럽,VA,212,0.00%,108,0,0,0.00%,0,0,212,0.00%,108,0
고달프,VA,207,0.00%,106,0,5,0.00%,4,0,212,0.00%,110,0
터무니없,VA,206,0.00%,103,0,1,0.00%,1,0,207,0.00%,104,0
서툴,VA,206,0.00%,114,0,0,0.00%,0,0,206,0.00%,114,0
뻔하,VA,183,0.00%,92,1,22,0.00%,15,0,205,0.00%,107,1
값지,VA,203,0.00%,123,0,1,0.00%,1,0,204,0.00%,124,0
멋있,VA,135,0.00%,61,0,69,0.00%,39,0,204,0.00%,100,0
얕,VA,203,0.00%,111,0,0,0.00%,0,0,203,0.00%,111,0
잘생기,VA,191,0.00%,73,0,11,0.00%,8,0,202,0.00%,81,0
질기,VA,198,0.00%,116,0,2,0.00%,2,0,200,0.00%,118,0
곧,VA,200,0.00%,98,1,0,0.00%,0,0,200,0.00%,98,1
멍하,VA,200,0.00%,97,0,0,0.00%,0,0,200,0.00%,97,0
그지없,VA,198,0.00%,108,0,0,0.00%,0,0,198,0.00%,108,0
새까맣,VA,194,0.00%,90,0,3,0.00%,3,0,197,0.00%,93,0
연하,VA,196,0.00%,73,0,1,0.00%,1,0,197,0.00%,74,0
추하,VA,188,0.00%,105,2,4,0.00%,3,0,192,0.00%,108,2
틀리,VA,7,0.00%,7,0,184,0.01%,63,0,191,0.00%,70,0
억세,VA,188,0.00%,89,0,0,0.00%,0,0,188,0.00%,89,0
안되,VA,187,0.00%,55,0,0,0.00%,0,0,187,0.00%,55,0
여리,VA,184,0.00%,96,0,3,0.00%,2,0,187,0.00%,98,0
싱겁,VA,176,0.00%,98,0,8,0.00%,4,0,184,0.00%,102,0
쓰라리,VA,182,0.00%,113,0,2,0.00%,2,0,184,0.00%,115,0
어처구니없,VA,183,0.00%,93,0,1,0.00%,1,0,184,0.00%,94,0
역겹,VA,179,0.00%,92,0,3,0.00%,2,0,182,0.00%,94,0
재미없,VA,121,0.00%,72,0,59,0.00%,30,0,180,0.00%,102,0
저리,VA,178,0.00%,91,0,1,0.00%,1,0,179,0.00%,92,0
수줍,VA,177,0.00%,90,0,0,0.00%,0,0,177,0.00%,90,0
머지않,VA,173,0.00%,100,0,0,0.00%,0,0,173,0.00%,100,0
뿌옇,VA,169,0.00%,80,0,4,0.00%,4,0,173,0.00%,84,0
천하,VA,168,0.00%,82,0,3,0.00%,3,0,171,0.00%,85,0
징그럽,VA,161,0.00%,75,0,7,0.00%,5,0,168,0.00%,80,0
순하,VA,164,0.00%,79,0,4,0.00%,3,0,168,0.00%,82,0
흉하,VA,163,0.00%,83,0,1,0.00%,1,0,164,0.00%,84,0
안쓰럽,VA,156,0.00%,87,0,7,0.00%,6,0,163,0.00%,93,0
야하,VA,124,0.00%,48,1,39,0.00%,10,0,163,0.00%,58,1
빼어나,VA,161,0.00%,90,0,2,0.00%,2,0,163,0.00%,92,0
속상하,VA,145,0.00%,73,0,16,0.00%,10,0,161,0.00%,83,0
유별나,VA,155,0.00%,94,0,5,0.00%,5,0,160,0.00%,99,0
매섭,VA,155,0.00%,90,0,3,0.00%,3,0,158,0.00%,93,0
보잘것없,VA,157,0.00%,97,0,0,0.00%,0,0,157,0.00%,97,0
무덥,VA,156,0.00%,94,0,1,0.00%,1,0,157,0.00%,95,0
못생기,VA,142,0.00%,77,0,15,0.00%,5,0,157,0.00%,82,0
못되,VA,151,0.00%,74,0,5,0.00%,5,0,156,0.00%,79,0
소용없,VA,147,0.00%,94,0,8,0.00%,6,0,155,0.00%,100,0
시퍼렇,VA,152,0.00%,79,0,1,0.00%,1,0,153,0.00%,80,0
기다랗,VA,153,0.00%,79,0,0,0.00%,0,0,153,0.00%,79,0
부질없,VA,152,0.00%,86,0,0,0.00%,0,0,152,0.00%,86,0
짓궂,VA,151,0.00%,83,0,1,0.00%,1,0,152,0.00%,84,0
목마르,VA,149,0.00%,88,0,2,0.00%,1,0,151,0.00%,89,0
언짢,VA,149,0.00%,82,0,1,0.00%,1,0,150,0.00%,83,0
기나길,VA,150,0.00%,85,0,0,0.00%,0,0,150,0.00%,85,0
잽싸,VA,144,0.00%,70,0,4,0.00%,4,0,148,0.00%,74,0
형편없,VA,147,0.00%,89,0,0,0.00%,0,0,147,0.00%,89,0
값비싸,VA,147,0.00%,89,0,0,0.00%,0,0,147,0.00%,89,0
흥겹,VA,147,0.00%,83,0,0,0.00%,0,0,147,0.00%,83,0
새파랗,VA,145,0.00%,87,0,1,0.00%,1,0,146,0.00%,88,0
더디,VA,144,0.00%,97,0,1,0.00%,1,0,145,0.00%,98,0
기름지,VA,140,0.00%,80,0,3,0.00%,1,0,143,0.00%,81,0
호되,VA,141,0.00%,92,0,0,0.00%,0,0,141,0.00%,92,0
적잖,VA,140,0.00%,85,0,0,0.00%,0,0,140,0.00%,85,0
족하,VA,137,0.00%,89,0,2,0.00%,2,0,139,0.00%,91,0
둥그렇,VA,137,0.00%,73,0,1,0.00%,1,0,138,0.00%,74,0
눈물겹,VA,137,0.00%,85,0,0,0.00%,0,0,137,0.00%,85,0
둔하,VA,132,0.00%,79,0,4,0.00%,3,0,136,0.00%,82,0
부시,VA,135,0.00%,76,0,0,0.00%,0,0,135,0.00%,76,0
재빠르,VA,134,0.00%,84,0,1,0.00%,1,0,135,0.00%,85,0
줄기차,VA,133,0.00%,93,0,0,0.00%,0,0,133,0.00%,93,0
딱하,VA,133,0.00%,60,0,0,0.00%,0,0,133,0.00%,60,0
배부르,VA,115,0.00%,82,0,18,0.00%,11,0,133,0.00%,93,0
싱그럽,VA,131,0.00%,67,0,0,0.00%,0,0,131,0.00%,67,0
겹,VA,124,0.00%,90,0,1,0.00%,1,0,125,0.00%,91,0
별나,VA,123,0.00%,69,0,2,0.00%,1,0,125,0.00%,70,0
쓰리,VA,122,0.00%,66,0,2,0.00%,2,0,124,0.00%,68,0
야무지,VA,122,0.00%,72,0,1,0.00%,1,0,123,0.00%,73,0
새하얗,VA,122,0.00%,70,0,0,0.00%,0,0,122,0.00%,70,0
어질,VA,121,0.00%,57,0,0,0.00%,0,0,121,0.00%,57,0
괜하,VA,118,0.00%,80,0,2,0.00%,2,0,120,0.00%,82,0
한결같,VA,119,0.00%,85,0,0,0.00%,0,0,119,0.00%,85,0
활기차,VA,114,0.00%,82,0,4,0.00%,2,0,118,0.00%,84,0
궂,VA,117,0.00%,72,0,1,0.00%,1,0,118,0.00%,73,0
아리,VA,118,0.00%,59,0,0,0.00%,0,0,118,0.00%,59,0
가냘프,VA,116,0.00%,70,0,1,0.00%,1,0,117,0.00%,71,0
건방지,VA,115,0.00%,71,0,2,0.00%,2,0,117,0.00%,73,0
짜,VA,104,0.00%,64,0,13,0.00%,12,0,117,0.00%,76,0
열띠,VA,116,0.00%,78,0,1,0.00%,1,0,117,0.00%,79,0
독하,VA,81,0.00%,43,0,36,0.00%,12,0,117,0.00%,55,0
선하,VA,116,0.00%,68,2,1,0.00%,1,0,117,0.00%,69,2
크나크,VA,116,0.00%,68,0,0,0.00%,0,0,116,0.00%,68,0
훤하,VA,115,0.00%,79,0,0,0.00%,0,0,115,0.00%,79,0
시뻘겋,VA,114,0.00%,60,0,1,0.00%,1,0,115,0.00%,61,0
탁하,VA,110,0.00%,62,0,4,0.00%,4,0,114,0.00%,66,0
무디,VA,113,0.00%,78,0,0,0.00%,0,0,113,0.00%,78,0
드넓,VA,113,0.00%,60,0,0,0.00%,0,0,113,0.00%,60,0
막다르,VA,112,0.00%,70,0,0,0.00%,0,0,112,0.00%,70,0
우렁차,VA,108,0.00%,75,0,4,0.00%,1,0,112,0.00%,76,0
능하,VA,108,0.00%,77,0,0,0.00%,0,0,108,0.00%,77,0
철없,VA,105,0.00%,73,0,2,0.00%,1,0,107,0.00%,74,0
뽀얗,VA,104,0.00%,66,0,2,0.00%,2,0,106,0.00%,68,0
번거롭,VA,103,0.00%,61,0,3,0.00%,3,0,106,0.00%,64,0
뼈저리,VA,92,0.00%,74,0,13,0.00%,4,0,105,0.00%,78,0
알차,VA,105,0.00%,77,0,0,0.00%,0,0,105,0.00%,77,0
해롭,VA,102,0.00%,36,0,3,0.00%,2,0,105,0.00%,38,0
쓸모없,VA,102,0.00%,76,0,2,0.00%,2,0,104,0.00%,78,0
성가시,VA,104,0.00%,64,0,0,0.00%,0,0,104,0.00%,64,0
심심찮,VA,101,0.00%,69,0,2,0.00%,2,0,103,0.00%,71,0
정겹,VA,103,0.00%,68,0,0,0.00%,0,0,103,0.00%,68,0
애처롭,VA,103,0.00%,67,0,0,0.00%,0,0,103,0.00%,67,0
검붉,VA,101,0.00%,52,0,1,0.00%,1,0,102,0.00%,53,0
당하,VA,102,0.00%,69,0,0,0.00%,0,0,102,0.00%,69,0
퍼렇,VA,101,0.00%,65,0,0,0.00%,0,0,101,0.00%,65,0
굽,VA,101,0.00%,60,0,0,0.00%,0,0,101,0.00%,60,0
분하,VA,100,0.00%,46,0,1,0.00%,1,0,101,0.00%,47,0
관계없,VA,93,0.00%,66,0,7,0.00%,5,0,100,0.00%,71,0
가렵,VA,97,0.00%,54,0,3,0.00%,1,0,100,0.00%,55,0
미끄럽,VA,97,0.00%,58,0,3,0.00%,3,0,100,0.00%,61,0
머나멀,VA,99,0.00%,50,0,0,0.00%,0,0,99,0.00%,50,0
시,VA,93,0.00%,51,3,5,0.00%,3,0,98,0.00%,54,3
네모나,VA,97,0.00%,52,0,1,0.00%,1,0,98,0.00%,53,0
진정하,VA,97,0.00%,23,0,0,0.00%,0,0,97,0.00%,23,0
얄밉,VA,95,0.00%,58,0,2,0.00%,2,0,97,0.00%,60,0
차디차,VA,97,0.00%,53,0,0,0.00%,0,0,97,0.00%,53,0
장하,VA,96,0.00%,54,2,0,0.00%,0,0,96,0.00%,54,2
이롭,VA,95,0.00%,56,1,1,0.00%,1,0,96,0.00%,57,1
달갑,VA,93,0.00%,71,0,1,0.00%,1,0,94,0.00%,72,0
그럴싸하,VA,92,0.00%,62,0,0,0.00%,0,0,92,0.00%,62,0
헤프,VA,91,0.00%,54,0,1,0.00%,1,0,92,0.00%,55,0
멋쩍,VA,90,0.00%,47,0,2,0.00%,2,0,92,0.00%,49,0
앳되,VA,92,0.00%,60,0,0,0.00%,0,0,92,0.00%,60,0
용하,VA,92,0.00%,48,1,0,0.00%,0,0,92,0.00%,48,1
옅,VA,88,0.00%,53,0,3,0.00%,2,0,91,0.00%,55,0
뼈아프,VA,90,0.00%,69,0,1,0.00%,1,0,91,0.00%,70,0
후하,VA,88,0.00%,60,0,1,0.00%,1,0,89,0.00%,61,0
푸르르,VA,87,0.00%,49,0,2,0.00%,1,0,89,0.00%,50,0
쎄,VA,8,0.00%,5,0,80,0.00%,23,0,88,0.00%,28,0
힘세,VA,86,0.00%,55,0,1,0.00%,1,0,87,0.00%,56,0
묽,VA,87,0.00%,35,0,0,0.00%,0,0,87,0.00%,35,0
드높,VA,87,0.00%,52,0,0,0.00%,0,0,87,0.00%,52,0
힘없,VA,86,0.00%,59,0,0,0.00%,0,0,86,0.00%,59,0
보드랍,VA,82,0.00%,38,0,1,0.00%,1,0,83,0.00%,39,0
높다랗,VA,83,0.00%,51,0,0,0.00%,0,0,83,0.00%,51,0
새빨갛,VA,82,0.00%,53,0,1,0.00%,1,0,83,0.00%,54,0
부르,VA,78,0.00%,50,0,4,0.00%,4,0,82,0.00%,54,0
길다랗,VA,80,0.00%,46,0,2,0.00%,2,0,82,0.00%,48,0
섣부르,VA,79,0.00%,53,0,1,0.00%,1,0,80,0.00%,54,0
너르,VA,80,0.00%,42,0,0,0.00%,0,0,80,0.00%,42,0
버겁,VA,80,0.00%,55,0,0,0.00%,0,0,80,0.00%,55,0
어딨,VA,0,0.00%,0,0,80,0.00%,50,0,80,0.00%,50,0
사사롭,VA,79,0.00%,51,0,0,0.00%,0,0,79,0.00%,51,0
외지,VA,79,0.00%,54,0,0,0.00%,0,0,79,0.00%,54,0
한없,VA,79,0.00%,54,0,0,0.00%,0,0,79,0.00%,54,0
아니꼽,VA,76,0.00%,39,0,2,0.00%,2,0,78,0.00%,41,0
덧없,VA,78,0.00%,47,0,0,0.00%,0,0,78,0.00%,47,0
미심쩍,VA,78,0.00%,54,0,0,0.00%,0,0,78,0.00%,54,0
정답,VA,76,0.00%,41,0,1,0.00%,1,0,77,0.00%,42,0
해맑,VA,76,0.00%,55,0,0,0.00%,0,0,76,0.00%,55,0
미덥,VA,75,0.00%,60,0,0,0.00%,0,0,75,0.00%,60,0
수상쩍,VA,74,0.00%,45,0,0,0.00%,0,0,74,0.00%,45,0
굳세,VA,74,0.00%,51,0,0,0.00%,0,0,74,0.00%,51,0
애꿎,VA,74,0.00%,61,0,0,0.00%,0,0,74,0.00%,61,0
만만찮,VA,73,0.00%,60,0,0,0.00%,0,0,73,0.00%,60,0
동떨어지,VA,73,0.00%,53,0,0,0.00%,0,0,73,0.00%,53,0
껄끄럽,VA,68,0.00%,51,0,4,0.00%,3,0,72,0.00%,54,0
험상궂,VA,72,0.00%,52,0,0,0.00%,0,0,72,0.00%,52,0
간지럽,VA,64,0.00%,45,0,6,0.00%,4,0,70,0.00%,49,0
변함없,VA,69,0.00%,54,0,0,0.00%,0,0,69,0.00%,54,0
후미지,VA,68,0.00%,44,0,0,0.00%,0,0,68,0.00%,44,0
거추장스럽,VA,68,0.00%,57,0,0,0.00%,0,0,68,0.00%,57,0
드세,VA,66,0.00%,46,0,1,0.00%,1,0,67,0.00%,47,0
앙증맞,VA,66,0.00%,38,0,0,0.00%,0,0,66,0.00%,38,0
깡마르,VA,65,0.00%,42,0,1,0.00%,1,0,66,0.00%,43,0
구슬프,VA,66,0.00%,45,0,0,0.00%,0,0,66,0.00%,45,0
날쌔,VA,64,0.00%,39,0,1,0.00%,1,0,65,0.00%,40,0
실없,VA,65,0.00%,32,0,0,0.00%,0,0,65,0.00%,32,0
쓰디쓰,VA,64,0.00%,46,0,0,0.00%,0,0,64,0.00%,46,0
시꺼멓,VA,63,0.00%,31,0,1,0.00%,1,0,64,0.00%,32,0
을씨년스럽,VA,63,0.00%,43,0,0,0.00%,0,0,63,0.00%,43,0
구석지,VA,63,0.00%,35,0,0,0.00%,0,0,63,0.00%,35,0
검푸르,VA,62,0.00%,36,0,1,0.00%,1,0,63,0.00%,37,0
비탈지,VA,63,0.00%,37,0,0,0.00%,0,0,63,0.00%,37,0
휑하,VA,61,0.00%,40,0,1,0.00%,1,0,62,0.00%,41,0
발갛,VA,61,0.00%,40,0,1,0.00%,1,0,62,0.00%,41,0
마렵,VA,62,0.00%,40,0,0,0.00%,0,0,62,0.00%,40,0
시원찮,VA,58,0.00%,43,0,3,0.00%,2,0,61,0.00%,45,0
웂,VA,61,0.00%,1,0,0,0.00%,0,0,61,0.00%,1,0
그렇잖,VA,61,0.00%,31,0,0,0.00%,0,0,61,0.00%,31,0
습하,VA,58,0.00%,38,0,2,0.00%,2,0,60,0.00%,40,0
뻘겋,VA,58,0.00%,29,0,1,0.00%,1,0,59,0.00%,30,0
느닷없,VA,59,0.00%,43,0,0,0.00%,0,0,59,0.00%,43,0
덩그렇,VA,58,0.00%,44,0,0,0.00%,0,0,58,0.00%,44,0
어여쁘,VA,57,0.00%,37,0,1,0.00%,1,0,58,0.00%,38,0
비뚤,VA,57,0.00%,18,0,0,0.00%,0,0,57,0.00%,18,0
수없,VA,57,0.00%,37,0,0,0.00%,0,0,57,0.00%,37,0
중하,VA,54,0.00%,40,0,2,0.00%,2,0,56,0.00%,42,0
당차,VA,53,0.00%,38,0,3,0.00%,2,0,56,0.00%,40,0
고되,VA,56,0.00%,26,0,0,0.00%,0,0,56,0.00%,26,0
성기,VA,56,0.00%,40,0,0,0.00%,0,0,56,0.00%,40,0
모나,VA,52,0.00%,33,0,3,0.00%,2,0,55,0.00%,35,0
다부지,VA,54,0.00%,43,0,1,0.00%,1,0,55,0.00%,44,0
난데없,VA,54,0.00%,37,0,0,0.00%,0,0,54,0.00%,37,0
그럴듯하,VA,54,0.00%,38,0,0,0.00%,0,0,54,0.00%,38,0
빤하,VA,53,0.00%,32,0,0,0.00%,0,0,53,0.00%,32,0
구성지,VA,53,0.00%,38,0,0,0.00%,0,0,53,0.00%,38,0
흐드러지,VA,52,0.00%,40,0,0,0.00%,0,0,52,0.00%,40,0
좁다랗,VA,52,0.00%,32,0,0,0.00%,0,0,52,0.00%,32,0
뜻있,VA,51,0.00%,29,0,1,0.00%,1,0,52,0.00%,30,0
드럽,VA,31,0.00%,13,0,21,0.00%,12,0,52,0.00%,25,0
겸연쩍,VA,52,0.00%,39,0,0,0.00%,0,0,52,0.00%,39,0
짙푸르,VA,51,0.00%,41,0,0,0.00%,0,0,51,0.00%,41,0
탐스럽,VA,51,0.00%,31,0,0,0.00%,0,0,51,0.00%,31,0
약삭빠르,VA,48,0.00%,36,0,2,0.00%,1,0,50,0.00%,37,0
영락없,VA,50,0.00%,41,0,0,0.00%,0,0,50,0.00%,41,0
방정맞,VA,48,0.00%,33,0,2,0.00%,1,0,50,0.00%,34,0
뜸하,VA,50,0.00%,37,0,0,0.00%,0,0,50,0.00%,37,0
편찮,VA,50,0.00%,31,0,0,0.00%,0,0,50,0.00%,31,0
요렇,VA,48,0.00%,26,0,2,0.00%,2,0,50,0.00%,28,0
사이좋,VA,49,0.00%,38,0,1,0.00%,1,0,50,0.00%,39,0
어림없,VA,49,0.00%,36,0,0,0.00%,0,0,49,0.00%,36,0
천연덕스럽,VA,49,0.00%,33,0,0,0.00%,0,0,49,0.00%,33,0
부옇,VA,48,0.00%,32,0,0,0.00%,0,0,48,0.00%,32,0
무르,VA,46,0.00%,32,1,2,0.00%,2,0,48,0.00%,34,1
볼품없,VA,47,0.00%,41,0,0,0.00%,0,0,47,0.00%,41,0
상스럽,VA,47,0.00%,31,1,0,0.00%,0,0,47,0.00%,31,1
새카맣,VA,47,0.00%,32,0,0,0.00%,0,0,47,0.00%,32,0
격하,VA,41,0.00%,26,0,6,0.00%,4,0,47,0.00%,30,0
거침없,VA,47,0.00%,32,0,0,0.00%,0,0,47,0.00%,32,0
맛없,VA,37,0.00%,27,0,10,0.00%,7,0,47,0.00%,34,0
허하,VA,47,0.00%,31,0,0,0.00%,0,0,47,0.00%,31,0
네모지,VA,46,0.00%,26,0,0,0.00%,0,0,46,0.00%,26,0
희뿌옇,VA,46,0.00%,31,0,0,0.00%,0,0,46,0.00%,31,0
읍,VA,45,0.00%,1,0,0,0.00%,0,0,45,0.00%,1,0
앙칼지,VA,45,0.00%,27,0,0,0.00%,0,0,45,0.00%,27,0
심술궂,VA,44,0.00%,30,0,0,0.00%,0,0,44,0.00%,30,0
설,VA,43,0.00%,26,1,1,0.00%,1,0,44,0.00%,27,1
남모르,VA,44,0.00%,38,0,0,0.00%,0,0,44,0.00%,38,0
아리땁,VA,44,0.00%,32,0,0,0.00%,0,0,44,0.00%,32,0
유례없,VA,43,0.00%,38,0,0,0.00%,0,0,43,0.00%,38,0
말갛,VA,43,0.00%,35,0,0,0.00%,0,0,43,0.00%,35,0
끈덕지,VA,43,0.00%,31,0,0,0.00%,0,0,43,0.00%,31,0
역하,VA,36,0.00%,27,0,6,0.00%,2,0,42,0.00%,29,0
양지바르,VA,41,0.00%,26,0,1,0.00%,1,0,42,0.00%,27,0
가녀리,VA,41,0.00%,28,0,0,0.00%,0,0,41,0.00%,28,0
노오랗,VA,41,0.00%,30,0,0,0.00%,0,0,41,0.00%,30,0
메스껍,VA,38,0.00%,27,0,2,0.00%,1,0,40,0.00%,28,0
더하,VA,40,0.00%,18,0,0,0.00%,0,0,40,0.00%,18,0
과하,VA,34,0.00%,28,0,6,0.00%,3,0,40,0.00%,31,0
쪼그맣,VA,4,0.00%,3,0,35,0.00%,19,0,39,0.00%,22,0
널따랗,VA,39,0.00%,20,0,0,0.00%,0,0,39,0.00%,20,0
굼뜨,VA,39,0.00%,33,0,0,0.00%,0,0,39,0.00%,33,0
보얗,VA,39,0.00%,13,0,0,0.00%,0,0,39,0.00%,13,0
맛나,VA,37,0.00%,26,0,2,0.00%,1,0,39,0.00%,27,0
희디희,VA,38,0.00%,21,0,0,0.00%,0,0,38,0.00%,21,0
진배없,VA,38,0.00%,20,0,0,0.00%,0,0,38,0.00%,20,0
가엽,VA,38,0.00%,30,0,0,0.00%,0,0,38,0.00%,30,0
재,VA,38,0.00%,24,0,0,0.00%,0,0,38,0.00%,24,0
살갑,VA,38,0.00%,27,0,0,0.00%,0,0,38,0.00%,27,0
하잘것없,VA,37,0.00%,28,0,0,0.00%,0,0,37,0.00%,28,0
정신없,VA,35,0.00%,31,0,2,0.00%,2,0,37,0.00%,33,0
약,VA,35,0.00%,25,0,2,0.00%,2,0,37,0.00%,27,0
떫,VA,36,0.00%,26,0,1,0.00%,1,0,37,0.00%,27,0
버릇없,VA,35,0.00%,26,0,2,0.00%,2,0,37,0.00%,28,0
악하,VA,28,0.00%,17,0,8,0.00%,3,0,36,0.00%,20,0
올곧,VA,36,0.00%,29,0,0,0.00%,0,0,36,0.00%,29,0
청승맞,VA,35,0.00%,26,0,0,0.00%,0,0,35,0.00%,26,0
별스럽,VA,35,0.00%,23,0,0,0.00%,0,0,35,0.00%,23,0
구리,VA,27,0.00%,21,0,8,0.00%,4,0,35,0.00%,25,0
비리,VA,34,0.00%,23,0,1,0.00%,1,0,35,0.00%,24,0
샛노랗,VA,35,0.00%,26,0,0,0.00%,0,0,35,0.00%,26,0
얼토당토않,VA,32,0.00%,20,0,2,0.00%,2,0,34,0.00%,22,0
길하,VA,34,0.00%,11,0,0,0.00%,0,0,34,0.00%,11,0
빈틈없,VA,34,0.00%,29,0,0,0.00%,0,0,34,0.00%,29,0
필요없,VA,0,0.00%,0,0,34,0.00%,25,0,34,0.00%,25,0
남부럽,VA,33,0.00%,27,0,0,0.00%,0,0,33,0.00%,27,0
급작스럽,VA,33,0.00%,29,0,0,0.00%,0,0,33,0.00%,29,0
멋들어지,VA,32,0.00%,23,0,0,0.00%,0,0,32,0.00%,23,0
깎아지르,VA,32,0.00%,27,0,0,0.00%,0,0,32,0.00%,27,0
쪼끄맣,VA,5,0.00%,5,0,27,0.00%,22,0,32,0.00%,27,0
되,VA,19,0.00%,16,0,13,0.00%,4,0,32,0.00%,20,0
똥그랗,VA,16,0.00%,9,0,16,0.00%,12,0,32,0.00%,21,0
매몰차,VA,32,0.00%,22,0,0,0.00%,0,0,32,0.00%,22,0
때늦,VA,32,0.00%,25,0,0,0.00%,0,0,32,0.00%,25,0
빛바래,VA,32,0.00%,27,0,0,0.00%,0,0,32,0.00%,27,0
파아랗,VA,31,0.00%,21,0,0,0.00%,0,0,31,0.00%,21,0
애달프,VA,31,0.00%,24,0,0,0.00%,0,0,31,0.00%,24,0
노엽,VA,31,0.00%,24,0,0,0.00%,0,0,31,0.00%,24,0
멋적,VA,31,0.00%,24,0,0,0.00%,0,0,31,0.00%,24,0
속되,VA,24,0.00%,15,0,7,0.00%,2,0,31,0.00%,17,0
휘둥그렇,VA,30,0.00%,20,0,0,0.00%,0,0,30,0.00%,20,0
주제넘,VA,30,0.00%,24,0,0,0.00%,0,0,30,0.00%,24,0
꺼멓,VA,27,0.00%,17,0,3,0.00%,3,0,30,0.00%,20,0
정하,VA,28,0.00%,19,2,2,0.00%,1,0,30,0.00%,20,2
숨차,VA,28,0.00%,26,0,2,0.00%,2,0,30,0.00%,28,0
헐하,VA,30,0.00%,21,0,0,0.00%,0,0,30,0.00%,21,0
기껍,VA,29,0.00%,20,0,0,0.00%,0,0,29,0.00%,20,0
어리숙하,VA,29,0.00%,23,0,0,0.00%,0,0,29,0.00%,23,0
계면쩍,VA,28,0.00%,25,0,0,0.00%,0,0,28,0.00%,25,0
참답,VA,28,0.00%,10,0,0,0.00%,0,0,28,0.00%,10,0
질,VA,27,0.00%,18,0,1,0.00%,1,0,28,0.00%,19,0
얄궂,VA,27,0.00%,22,0,1,0.00%,1,0,28,0.00%,23,0
참하,VA,24,0.00%,18,1,4,0.00%,3,0,28,0.00%,21,1
끄떡없,VA,27,0.00%,25,0,0,0.00%,0,0,27,0.00%,25,0
우연찮,VA,24,0.00%,18,0,3,0.00%,3,0,27,0.00%,21,0
희망차,VA,24,0.00%,21,0,2,0.00%,1,0,26,0.00%,22,0
하,VA,7,0.00%,5,0,19,0.00%,14,0,26,0.00%,19,0
기운차,VA,26,0.00%,19,0,0,0.00%,0,0,26,0.00%,19,0
섧,VA,25,0.00%,21,0,0,0.00%,0,0,25,0.00%,21,0
희부옇,VA,25,0.00%,18,0,0,0.00%,0,0,25,0.00%,18,0
케케묵,VA,24,0.00%,23,0,0,0.00%,0,0,24,0.00%,23,0
안스럽,VA,24,0.00%,17,0,0,0.00%,0,0,24,0.00%,17,0
어줍잖,VA,21,0.00%,17,0,3,0.00%,2,0,24,0.00%,19,0
날래,VA,24,0.00%,22,0,0,0.00%,0,0,24,0.00%,22,0
의롭,VA,22,0.00%,13,0,2,0.00%,1,0,24,0.00%,14,0
졸립,VA,22,0.00%,15,0,2,0.00%,1,0,24,0.00%,16,0
능글맞,VA,24,0.00%,18,0,0,0.00%,0,0,24,0.00%,18,0
간드러지,VA,23,0.00%,20,0,0,0.00%,0,0,23,0.00%,20,0
쌀쌀맞,VA,23,0.00%,18,0,0,0.00%,0,0,23,0.00%,18,0
아낌없,VA,23,0.00%,22,0,0,0.00%,0,0,23,0.00%,22,0
덜하,VA,23,0.00%,20,0,0,0.00%,0,0,23,0.00%,20,0
좆같,VA,17,0.00%,7,0,6,0.00%,2,0,23,0.00%,9,0
긴하,VA,23,0.00%,11,0,0,0.00%,0,0,23,0.00%,11,0
문제없,VA,15,0.00%,13,0,8,0.00%,5,0,23,0.00%,18,0
하고많,VA,22,0.00%,10,0,0,0.00%,0,0,22,0.00%,10,0
자그맣,VA,22,0.00%,16,0,0,0.00%,0,0,22,0.00%,16,0
볼메,VA,22,0.00%,14,0,0,0.00%,0,0,22,0.00%,14,0
워떻,VA,22,0.00%,3,0,0,0.00%,0,0,22,0.00%,3,0
지리하,VA,22,0.00%,14,0,0,0.00%,0,0,22,0.00%,14,0
볼썽사납,VA,21,0.00%,16,0,0,0.00%,0,0,21,0.00%,16,0
희멀겋,VA,21,0.00%,14,0,0,0.00%,0,0,21,0.00%,14,0
도드라지,VA,21,0.00%,19,0,0,0.00%,0,0,21,0.00%,19,0
재수없,VA,3,0.00%,2,0,18,0.00%,6,0,21,0.00%,8,0
걸,VA,21,0.00%,14,0,0,0.00%,0,0,21,0.00%,14,0
뻔질나,VA,21,0.00%,20,0,0,0.00%,0,0,21,0.00%,20,0
헐겁,VA,18,0.00%,15,0,3,0.00%,1,0,21,0.00%,16,0
곤하,VA,21,0.00%,14,0,0,0.00%,0,0,21,0.00%,14,0
빠알갛,VA,21,0.00%,16,0,0,0.00%,0,0,21,0.00%,16,0
다름아니,VA,20,0.00%,7,0,0,0.00%,0,0,20,0.00%,7,0
뜬금없,VA,18,0.00%,13,0,2,0.00%,1,0,20,0.00%,14,0
오지,VA,20,0.00%,13,3,0,0.00%,0,0,20,0.00%,13,3
않,VA,11,0.00%,11,0,9,0.00%,7,0,20,0.00%,18,0
살지,VA,20,0.00%,15,0,0,0.00%,0,0,20,0.00%,15,0
새되,VA,20,0.00%,15,0,0,0.00%,0,0,20,0.00%,15,0
차지,VA,20,0.00%,11,0,0,0.00%,0,0,20,0.00%,11,0
악착같,VA,19,0.00%,15,0,0,0.00%,0,0,19,0.00%,15,0
멀겋,VA,18,0.00%,15,2,1,0.00%,1,0,19,0.00%,16,2
의좋,VA,19,0.00%,15,0,0,0.00%,0,0,19,0.00%,15,0
꾸밈없,VA,19,0.00%,17,0,0,0.00%,0,0,19,0.00%,17,0
보람차,VA,18,0.00%,16,0,0,0.00%,0,0,18,0.00%,16,0
가당찮,VA,18,0.00%,11,0,0,0.00%,0,0,18,0.00%,11,0
같잖,VA,16,0.00%,14,0,2,0.00%,2,0,18,0.00%,16,0
그릏,VA,0,0.00%,0,0,18,0.00%,13,0,18,0.00%,13,0
여깄,VA,0,0.00%,0,0,18,0.00%,14,0,18,0.00%,14,0
속절없,VA,17,0.00%,13,0,0,0.00%,0,0,17,0.00%,13,0
하염없,VA,17,0.00%,13,0,0,0.00%,0,0,17,0.00%,13,0
남부끄럽,VA,16,0.00%,12,0,0,0.00%,0,0,16,0.00%,12,0
잡스럽,VA,16,0.00%,12,0,0,0.00%,0,0,16,0.00%,12,0
다시없,VA,16,0.00%,8,0,0,0.00%,0,0,16,0.00%,8,0
달디달,VA,16,0.00%,15,0,0,0.00%,0,0,16,0.00%,15,0
냉하,VA,16,0.00%,8,0,0,0.00%,0,0,16,0.00%,8,0
싸하,VA,15,0.00%,12,0,1,0.00%,1,0,16,0.00%,13,0
되잖,VA,16,0.00%,14,0,0,0.00%,0,0,16,0.00%,14,0
빡세,VA,0,0.00%,0,0,16,0.00%,7,0,16,0.00%,7,0
궁상맞,VA,16,0.00%,12,0,0,0.00%,0,0,16,0.00%,12,0
밉살스럽,VA,15,0.00%,11,0,0,0.00%,0,0,15,0.00%,11,0
더없,VA,15,0.00%,14,0,0,0.00%,0,0,15,0.00%,14,0
하이얗,VA,15,0.00%,11,0,0,0.00%,0,0,15,0.00%,11,0
익살맞,VA,15,0.00%,15,0,0,0.00%,0,0,15,0.00%,15,0
쬐그맣,VA,15,0.00%,10,0,0,0.00%,0,0,15,0.00%,10,0
수월찮,VA,15,0.00%,8,0,0,0.00%,0,0,15,0.00%,8,0
암팡지,VA,15,0.00%,11,0,0,0.00%,0,0,15,0.00%,11,0
어쭙잖,VA,15,0.00%,8,0,0,0.00%,0,0,15,0.00%,8,0
분별없,VA,15,0.00%,13,0,0,0.00%,0,0,15,0.00%,13,0
달갑잖,VA,15,0.00%,12,0,0,0.00%,0,0,15,0.00%,12,0
똑바르,VA,14,0.00%,13,0,1,0.00%,1,0,15,0.00%,14,0
마땅찮,VA,15,0.00%,14,0,0,0.00%,0,0,15,0.00%,14,0
실하,VA,15,0.00%,10,0,0,0.00%,0,0,15,0.00%,10,0
박하,VA,15,0.00%,14,0,0,0.00%,0,0,15,0.00%,14,0
고깝,VA,15,0.00%,11,0,0,0.00%,0,0,15,0.00%,11,0
특별나,VA,15,0.00%,10,0,0,0.00%,0,0,15,0.00%,10,0
새삼스럽,VA,13,0.00%,7,0,1,0.00%,1,0,14,0.00%,8,0
스스럼없,VA,14,0.00%,13,0,0,0.00%,0,0,14,0.00%,13,0
한갓지,VA,14,0.00%,12,0,0,0.00%,0,0,14,0.00%,12,0
입바르,VA,14,0.00%,9,0,0,0.00%,0,0,14,0.00%,9,0
좀스럽,VA,14,0.00%,12,0,0,0.00%,0,0,14,0.00%,12,0
젖,VA,14,0.00%,6,0,0,0.00%,0,0,14,0.00%,6,0
손색없,VA,14,0.00%,14,0,0,0.00%,0,0,14,0.00%,14,0
후지,VA,14,0.00%,6,0,0,0.00%,0,0,14,0.00%,6,0
짠하,VA,14,0.00%,12,0,0,0.00%,0,0,14,0.00%,12,0
성글,VA,13,0.00%,10,0,1,0.00%,1,0,14,0.00%,11,0
시답잖,VA,14,0.00%,11,0,0,0.00%,0,0,14,0.00%,11,0
아랑곳없,VA,13,0.00%,11,0,0,0.00%,0,0,13,0.00%,11,0
허물없,VA,11,0.00%,9,0,2,0.00%,1,0,13,0.00%,10,0
어김없,VA,13,0.00%,12,0,0,0.00%,0,0,13,0.00%,12,0
변변찮,VA,13,0.00%,12,0,0,0.00%,0,0,13,0.00%,12,0
걸판지,VA,13,0.00%,6,0,0,0.00%,0,0,13,0.00%,6,0
시렵,VA,12,0.00%,9,0,1,0.00%,1,0,13,0.00%,10,0
가없,VA,13,0.00%,12,0,0,0.00%,0,0,13,0.00%,12,0
야물,VA,13,0.00%,10,0,0,0.00%,0,0,13,0.00%,10,0
따습,VA,13,0.00%,11,0,0,0.00%,0,0,13,0.00%,11,0
띵하,VA,12,0.00%,10,0,1,0.00%,1,0,13,0.00%,11,0
맹하,VA,13,0.00%,9,0,0,0.00%,0,0,13,0.00%,9,0
꿈같,VA,13,0.00%,12,0,0,0.00%,0,0,13,0.00%,12,0
달르,VA,1,0.00%,1,0,12,0.00%,9,0,13,0.00%,10,0
애닯,VA,13,0.00%,10,0,0,0.00%,0,0,13,0.00%,10,0
낯간지럽,VA,12,0.00%,12,0,0,0.00%,0,0,12,0.00%,12,0
주책없,VA,12,0.00%,10,0,0,0.00%,0,0,12,0.00%,10,0
싸아하,VA,12,0.00%,7,0,0,0.00%,0,0,12,0.00%,7,0
대수롭,VA,12,0.00%,8,0,0,0.00%,0,0,12,0.00%,8,0
괴이쩍,VA,12,0.00%,8,0,0,0.00%,0,0,12,0.00%,8,0
굵다랗,VA,12,0.00%,9,0,0,0.00%,0,0,12,0.00%,9,0
고렇,VA,9,0.00%,6,0,3,0.00%,3,0,12,0.00%,9,0
어쩧,VA,0,0.00%,0,0,12,0.00%,6,0,12,0.00%,6,0
좆나,VA,12,0.00%,5,0,0,0.00%,0,0,12,0.00%,5,0
짜르,VA,12,0.00%,3,0,0,0.00%,0,0,12,0.00%,3,0
애꿏,VA,12,0.00%,4,0,0,0.00%,0,0,12,0.00%,4,0
애띠,VA,12,0.00%,9,0,0,0.00%,0,0,12,0.00%,9,0
뚱하,VA,12,0.00%,11,0,0,0.00%,0,0,12,0.00%,11,0
감쪽같,VA,11,0.00%,10,0,1,0.00%,1,0,12,0.00%,11,0
닳아빠지,VA,11,0.00%,10,0,0,0.00%,0,0,11,0.00%,10,0
웅숭깊,VA,11,0.00%,7,0,0,0.00%,0,0,11,0.00%,7,0
의심쩍,VA,11,0.00%,9,0,0,0.00%,0,0,11,0.00%,9,0
쬐끄맣,VA,8,0.00%,6,0,3,0.00%,1,0,11,0.00%,7,0
섹시하,VA,11,0.00%,5,0,0,0.00%,0,0,11,0.00%,5,0
마뜩찮,VA,11,0.00%,9,0,0,0.00%,0,0,11,0.00%,9,0
읎,VA,11,0.00%,4,0,0,0.00%,0,0,11,0.00%,4,0
길둥글,VA,11,0.00%,6,0,0,0.00%,0,0,11,0.00%,6,0
푸지,VA,11,0.00%,9,0,0,0.00%,0,0,11,0.00%,9,0
일없,VA,11,0.00%,10,0,0,0.00%,0,0,11,0.00%,10,0
삐뚤,VA,10,0.00%,6,0,1,0.00%,1,0,11,0.00%,7,0
못잖,VA,11,0.00%,11,0,0,0.00%,0,0,11,0.00%,11,0
누르,VA,10,0.00%,8,0,1,0.00%,1,0,11,0.00%,9,0
곱다랗,VA,11,0.00%,7,0,0,0.00%,0,0,11,0.00%,7,0
온데간데없,VA,10,0.00%,6,0,0,0.00%,0,0,10,0.00%,6,0
시건방지,VA,10,0.00%,6,0,0,0.00%,0,0,10,0.00%,6,0
거북살스럽,VA,10,0.00%,9,0,0,0.00%,0,0,10,0.00%,9,0
특출나,VA,10,0.00%,10,0,0,0.00%,0,0,10,0.00%,10,0
하릴없,VA,10,0.00%,9,0,0,0.00%,0,0,10,0.00%,9,0
한량없,VA,10,0.00%,10,0,0,0.00%,0,0,10,0.00%,10,0
흐벅지,VA,10,0.00%,8,0,0,0.00%,0,0,10,0.00%,8,0
옹골차,VA,10,0.00%,8,0,0,0.00%,0,0,10,0.00%,8,0
좁디좁,VA,10,0.00%,9,0,0,0.00%,0,0,10,0.00%,9,0
배다르,VA,10,0.00%,6,0,0,0.00%,0,0,10,0.00%,6,0
막돼먹,VA,10,0.00%,9,0,0,0.00%,0,0,10,0.00%,9,0
곰살궂,VA,10,0.00%,7,0,0,0.00%,0,0,10,0.00%,7,0
턱없,VA,10,0.00%,9,0,0,0.00%,0,0,10,0.00%,9,0
희떱,VA,10,0.00%,8,0,0,0.00%,0,0,10,0.00%,8,0
가소롭,VA,8,0.00%,7,0,2,0.00%,1,0,10,0.00%,8,0
열없,VA,10,0.00%,7,0,0,0.00%,0,0,10,0.00%,7,0
유하,VA,7,0.00%,7,2,3,0.00%,2,0,10,0.00%,9,2
속없,VA,10,0.00%,8,0,0,0.00%,0,0,10,0.00%,8,0
다되,VA,10,0.00%,7,0,0,0.00%,0,0,10,0.00%,7,0
눅,VA,10,0.00%,5,0,0,0.00%,0,0,10,0.00%,5,0
지각없,VA,9,0.00%,7,0,0,0.00%,0,0,9,0.00%,7,0
거멓,VA,9,0.00%,3,0,0,0.00%,0,0,9,0.00%,3,0
대단찮,VA,9,0.00%,7,0,0,0.00%,0,0,9,0.00%,7,0
두서없,VA,9,0.00%,8,0,0,0.00%,0,0,9,0.00%,8,0
관계있,VA,9,0.00%,8,0,0,0.00%,0,0,9,0.00%,8,0
근지럽,VA,7,0.00%,6,0,2,0.00%,1,0,9,0.00%,7,0
기똥차,VA,9,0.00%,7,0,0,0.00%,0,0,9,0.00%,7,0
깊푸르,VA,9,0.00%,2,0,0,0.00%,0,0,9,0.00%,2,0
나어리,VA,9,0.00%,9,0,0,0.00%,0,0,9,0.00%,9,0
넓디넓,VA,9,0.00%,9,0,0,0.00%,0,0,9,0.00%,9,0
이러,VA,0,0.00%,0,0,9,0.00%,7,0,9,0.00%,7,0
아푸,VA,9,0.00%,2,0,0,0.00%,0,0,9,0.00%,2,0
어뀫,VA,9,0.00%,1,0,0,0.00%,0,0,9,0.00%,1,0
따시,VA,9,0.00%,7,0,0,0.00%,0,0,9,0.00%,7,0
뜨시,VA,9,0.00%,4,0,0,0.00%,0,0,9,0.00%,4,0
맥없,VA,9,0.00%,8,0,0,0.00%,0,0,9,0.00%,8,0
싯누렇,VA,9,0.00%,6,0,0,0.00%,0,0,9,0.00%,6,0
로맨틱하,VA,8,0.00%,7,0,0,0.00%,0,0,8,0.00%,7,0
도탑,VA,8,0.00%,8,0,0,0.00%,0,0,8,0.00%,8,0
허여멀겋,VA,8,0.00%,8,0,0,0.00%,0,0,8,0.00%,8,0
모지락스럽,VA,8,0.00%,3,0,0,0.00%,0,0,8,0.00%,3,0
향그럽,VA,8,0.00%,7,0,0,0.00%,0,0,8,0.00%,7,0
허벌나,VA,8,0.00%,3,0,0,0.00%,0,0,8,0.00%,3,0
헌걸차,VA,8,0.00%,5,0,0,0.00%,0,0,8,0.00%,5,0
옹골지,VA,8,0.00%,8,1,0,0.00%,0,0,8,0.00%,8,1
자디잘,VA,8,0.00%,6,0,0,0.00%,0,0,8,0.00%,6,0
아슬하,VA,8,0.00%,4,1,0,0.00%,0,0,8,0.00%,4,1
뿌우옇,VA,8,0.00%,6,0,0,0.00%,0,0,8,0.00%,6,0
성마르,VA,8,0.00%,7,0,0,0.00%,0,0,8,0.00%,7,0
성스럽,VA,4,0.00%,3,0,4,0.00%,2,0,8,0.00%,5,0
꼴사납,VA,8,0.00%,8,0,0,0.00%,0,0,8,0.00%,8,0
승하,VA,8,0.00%,8,0,0,0.00%,0,0,8,0.00%,8,0
시답,VA,7,0.00%,5,0,1,0.00%,1,0,8,0.00%,6,0
동글,VA,8,0.00%,4,0,0,0.00%,0,0,8,0.00%,4,0
마르,VA,8,0.00%,4,0,0,0.00%,0,0,8,0.00%,4,0
물설,VA,8,0.00%,8,0,0,0.00%,0,0,8,0.00%,8,0
뭣하,VA,8,0.00%,6,0,0,0.00%,0,0,8,0.00%,6,0
느껍,VA,8,0.00%,6,0,0,0.00%,0,0,8,0.00%,6,0
대차,VA,8,0.00%,8,0,0,0.00%,0,0,8,0.00%,8,0
조그만하,VA,8,0.00%,8,0,0,0.00%,0,0,8,0.00%,8,0
물샐틈없,VA,7,0.00%,5,0,0,0.00%,0,0,7,0.00%,5,0
배,VA,7,0.00%,7,0,0,0.00%,0,0,7,0.00%,7,0
유다르,VA,7,0.00%,7,0,0,0.00%,0,0,7,0.00%,7,0
응달지,VA,7,0.00%,6,0,0,0.00%,0,0,7,0.00%,6,0
인상깊,VA,2,0.00%,1,0,5,0.00%,4,0,7,0.00%,5,0
저러하,VA,7,0.00%,3,0,0,0.00%,0,0,7,0.00%,3,0
야멸차,VA,7,0.00%,7,0,0,0.00%,0,0,7,0.00%,7,0
염치없,VA,7,0.00%,5,0,0,0.00%,0,0,7,0.00%,5,0
생뚱맞,VA,7,0.00%,7,0,0,0.00%,0,0,7,0.00%,7,0
매스껍,VA,7,0.00%,5,0,0,0.00%,0,0,7,0.00%,5,0
굴곡지,VA,7,0.00%,6,0,0,0.00%,0,0,7,0.00%,6,0
극성맞,VA,7,0.00%,7,0,0,0.00%,0,0,7,0.00%,7,0
기맥히,VA,7,0.00%,4,0,0,0.00%,0,0,7,0.00%,4,0
깊디깊,VA,7,0.00%,6,0,0,0.00%,0,0,7,0.00%,6,0
넓다랗,VA,7,0.00%,6,0,0,0.00%,0,0,7,0.00%,6,0
감명깊,VA,0,0.00%,0,0,7,0.00%,1,0,7,0.00%,1,0
으떻,VA,7,0.00%,2,0,0,0.00%,0,0,7,0.00%,2,0
아니,VA,7,0.00%,6,0,0,0.00%,0,0,7,0.00%,6,0
반하,VA,7,0.00%,7,0,0,0.00%,0,0,7,0.00%,7,0
번하,VA,7,0.00%,7,0,0,0.00%,0,0,7,0.00%,7,0
객쩍,VA,7,0.00%,6,0,0,0.00%,0,0,7,0.00%,6,0
궁하,VA,7,0.00%,7,0,0,0.00%,0,0,7,0.00%,7,0
기렇,VA,7,0.00%,5,0,0,0.00%,0,0,7,0.00%,5,0
겉,VA,7,0.00%,4,0,0,0.00%,0,0,7,0.00%,4,0
덜떨어지,VA,7,0.00%,6,0,0,0.00%,0,0,7,0.00%,6,0
이러저러하,VA,6,0.00%,4,0,0,0.00%,0,0,6,0.00%,4,0
갈하,VA,6,0.00%,1,0,0,0.00%,0,0,6,0.00%,1,0
나즈막하,VA,6,0.00%,4,0,0,0.00%,0,0,6,0.00%,4,0
오래되,VA,6,0.00%,5,0,0,0.00%,0,0,6,0.00%,5,0
요상하,VA,6,0.00%,6,1,0,0.00%,0,0,6,0.00%,6,1
작디작,VA,6,0.00%,6,0,0,0.00%,0,0,6,0.00%,6,0
주옥같,VA,6,0.00%,6,0,0,0.00%,0,0,6,0.00%,6,0
째째하,VA,6,0.00%,4,0,0,0.00%,0,0,6,0.00%,4,0
촌스럽,VA,6,0.00%,5,0,0,0.00%,0,0,6,0.00%,5,0
숨김없,VA,6,0.00%,4,0,0,0.00%,0,0,6,0.00%,4,0
아금받,VA,6,0.00%,3,0,0,0.00%,0,0,6,0.00%,3,0
어긋맞,VA,6,0.00%,3,0,0,0.00%,0,0,6,0.00%,3,0
여지없,VA,6,0.00%,6,0,0,0.00%,0,0,6,0.00%,6,0
본데없,VA,6,0.00%,3,0,0,0.00%,0,0,6,0.00%,3,0
뽀오얗,VA,6,0.00%,6,0,0,0.00%,0,0,6,0.00%,6,0
색스럽,VA,6,0.00%,5,0,0,0.00%,0,0,6,0.00%,5,0
다사롭,VA,6,0.00%,5,1,0,0.00%,0,0,6,0.00%,5,1
단촐하,VA,6,0.00%,4,0,0,0.00%,0,0,6,0.00%,4,0
되알지,VA,6,0.00%,4,0,0,0.00%,0,0,6,0.00%,4,0
둔덕지,VA,6,0.00%,6,0,0,0.00%,0,0,6,0.00%,6,0
맵싸하,VA,6,0.00%,6,0,0,0.00%,0,0,6,0.00%,6,0
굴뚝같,VA,5,0.00%,4,0,1,0.00%,1,0,6,0.00%,5,0
까아맣,VA,6,0.00%,5,0,0,0.00%,0,0,6,0.00%,5,0
찰지,VA,5,0.00%,4,0,1,0.00%,1,0,6,0.00%,5,0
감미롭,VA,6,0.00%,3,0,0,0.00%,0,0,6,0.00%,3,0
열쩍,VA,6,0.00%,3,0,0,0.00%,0,0,6,0.00%,3,0
조렇,VA,6,0.00%,5,0,0,0.00%,0,0,6,0.00%,5,0
즘잖,VA,6,0.00%,3,0,0,0.00%,0,0,6,0.00%,3,0
짖궂,VA,6,0.00%,5,0,0,0.00%,0,0,6,0.00%,5,0
솔찮,VA,6,0.00%,3,0,0,0.00%,0,0,6,0.00%,3,0
시덥,VA,6,0.00%,6,0,0,0.00%,0,0,6,0.00%,6,0
어줍,VA,6,0.00%,6,0,0,0.00%,0,0,6,0.00%,6,0
몽글,VA,6,0.00%,4,0,0,0.00%,0,0,6,0.00%,4,0
괄하,VA,6,0.00%,3,0,0,0.00%,0,0,6,0.00%,3,0
궁글,VA,6,0.00%,6,0,0,0.00%,0,0,6,0.00%,6,0
맞,VA,6,0.00%,5,0,0,0.00%,0,0,6,0.00%,5,0
짝,VA,2,0.00%,2,0,4,0.00%,4,0,6,0.00%,6,0
엉터리없,VA,6,0.00%,3,0,0,0.00%,0,0,6,0.00%,3,0
이러이러하,VA,5,0.00%,3,0,0,0.00%,0,0,5,0.00%,3,0
값있,VA,5,0.00%,4,0,0,0.00%,0,0,5,0.00%,4,0
생급스럽,VA,5,0.00%,4,0,0,0.00%,0,0,5,0.00%,4,0
시장스럽,VA,5,0.00%,1,0,0,0.00%,0,0,5,0.00%,1,0
아무러하,VA,5,0.00%,3,0,0,0.00%,0,0,5,0.00%,3,0
좁아터지,VA,5,0.00%,5,0,0,0.00%,0,0,5,0.00%,5,0
리드미컬하,VA,5,0.00%,3,0,0,0.00%,0,0,5,0.00%,3,0
피비리,VA,5,0.00%,4,0,0,0.00%,0,0,5,0.00%,4,0
피어리,VA,5,0.00%,5,0,0,0.00%,0,0,5,0.00%,5,0
하고하,VA,5,0.00%,4,0,0,0.00%,0,0,5,0.00%,4,0
하나같,VA,5,0.00%,4,0,0,0.00%,0,0,5,0.00%,4,0
허구많,VA,5,0.00%,5,0,0,0.00%,0,0,5,0.00%,5,0
눈꼴사납,VA,5,0.00%,5,0,0,0.00%,0,0,5,0.00%,5,0
자애롭,VA,0,0.00%,0,0,5,0.00%,1,0,5,0.00%,1,0
잘디잘,VA,5,0.00%,3,0,0,0.00%,0,0,5,0.00%,3,0
시덥잖,VA,4,0.00%,4,0,1,0.00%,1,0,5,0.00%,5,0
쌍스럽,VA,5,0.00%,5,0,0,0.00%,0,0,5,0.00%,5,0
쑥쓰럽,VA,4,0.00%,4,0,1,0.00%,1,0,5,0.00%,5,0
앙징맞,VA,5,0.00%,5,0,0,0.00%,0,0,5,0.00%,5,0
얄따랗,VA,5,0.00%,4,0,0,0.00%,0,0,5,0.00%,4,0
밉살맞,VA,5,0.00%,3,0,0,0.00%,0,0,5,0.00%,3,0
버얼겋,VA,5,0.00%,4,0,0,0.00%,0,0,5,0.00%,4,0
별쭝맞,VA,5,0.00%,4,0,0,0.00%,0,0,5,0.00%,4,0
볕바르,VA,5,0.00%,5,0,0,0.00%,0,0,5,0.00%,5,0
생때같,VA,5,0.00%,3,0,0,0.00%,0,0,5,0.00%,3,0
세모나,VA,5,0.00%,4,0,0,0.00%,0,0,5,0.00%,4,0
높푸르,VA,5,0.00%,5,0,0,0.00%,0,0,5,0.00%,5,0
덩그랗,VA,5,0.00%,3,0,0,0.00%,0,0,5,0.00%,3,0
들큰하,VA,5,0.00%,4,0,0,0.00%,0,0,5,0.00%,4,0
만무하,VA,5,0.00%,4,0,0,0.00%,0,0,5,0.00%,4,0
커닿,VA,5,0.00%,2,0,0,0.00%,0,0,5,0.00%,2,0
편허,VA,5,0.00%,5,0,0,0.00%,0,0,5,0.00%,5,0
후덥,VA,5,0.00%,3,0,0,0.00%,0,0,5,0.00%,3,0
가열차,VA,5,0.00%,5,0,0,0.00%,0,0,5,0.00%,5,0
여물,VA,5,0.00%,4,0,0,0.00%,0,0,5,0.00%,4,0
열적,VA,5,0.00%,5,0,0,0.00%,0,0,5,0.00%,5,0
중허,VA,5,0.00%,4,0,0,0.00%,0,0,5,0.00%,4,0
징허,VA,5,0.00%,2,0,0,0.00%,0,0,5,0.00%,2,0
찐하,VA,1,0.00%,1,0,4,0.00%,3,0,5,0.00%,4,0
찡하,VA,3,0.00%,3,0,2,0.00%,2,0,5,0.00%,5,0
착허,VA,5,0.00%,3,0,0,0.00%,0,0,5,0.00%,3,0
숫되,VA,5,0.00%,4,0,0,0.00%,0,0,5,0.00%,4,0
숭하,VA,5,0.00%,4,0,0,0.00%,0,0,5,0.00%,4,0
스럽,VA,0,0.00%,0,0,5,0.00%,4,0,5,0.00%,4,0
동뜨,VA,5,0.00%,3,0,0,0.00%,0,0,5,0.00%,3,0
둥굴,VA,5,0.00%,3,0,0,0.00%,0,0,5,0.00%,3,0
맵짜,VA,5,0.00%,5,0,0,0.00%,0,0,5,0.00%,5,0
구찮,VA,3,0.00%,3,0,2,0.00%,2,0,5,0.00%,5,0
귀허,VA,5,0.00%,3,0,0,0.00%,0,0,5,0.00%,3,0
기차,VA,5,0.00%,5,0,0,0.00%,0,0,5,0.00%,5,0
까지,VA,5,0.00%,2,0,0,0.00%,0,0,5,0.00%,2,0
더웁,VA,5,0.00%,4,0,0,0.00%,0,0,5,0.00%,4,0
독허,VA,5,0.00%,1,0,0,0.00%,0,0,5,0.00%,1,0
기,VA,2,0.00%,2,2,3,0.00%,3,0,5,0.00%,5,2
껌,VA,0,0.00%,0,0,5,0.00%,2,0,5,0.00%,2,0
빨,VA,5,0.00%,3,1,0,0.00%,0,0,5,0.00%,3,1
씨,VA,5,0.00%,3,0,0,0.00%,0,0,5,0.00%,3,0
지,VA,5,0.00%,3,2,0,0.00%,0,0,5,0.00%,3,2
가랍,VA,5,0.00%,1,0,0,0.00%,0,0,5,0.00%,1,0
될성부르,VA,5,0.00%,3,0,0,0.00%,0,0,5,0.00%,3,0
푸르디푸르,VA,4,0.00%,4,0,0,0.00%,0,0,4,0.00%,4,0
객적,VA,4,0.00%,2,0,0,0.00%,0,0,4,0.00%,2,0
약아빠지,VA,4,0.00%,3,0,0,0.00%,0,0,4,0.00%,3,0
뇌꼴스럽,VA,4,0.00%,3,0,0,0.00%,0,0,4,0.00%,3,0
던적스럽,VA,4,0.00%,3,0,0,0.00%,0,0,4,0.00%,3,0
되바라지,VA,4,0.00%,3,0,0,0.00%,0,0,4,0.00%,3,0
오죽잖,VA,4,0.00%,4,0,0,0.00%,0,0,4,0.00%,4,0
시뜻하,VA,4,0.00%,1,0,0,0.00%,0,0,4,0.00%,1,0
어기차,VA,4,0.00%,4,0,0,0.00%,0,0,4,0.00%,4,0
예스럽,VA,4,0.00%,3,0,0,0.00%,0,0,4,0.00%,3,0
붉디붉,VA,4,0.00%,2,0,0,0.00%,0,0,4,0.00%,2,0
성부르,VA,4,0.00%,3,0,0,0.00%,0,0,4,0.00%,3,0
쇼킹하,VA,4,0.00%,4,0,0,0.00%,0,0,4,0.00%,4,0
놀라웁,VA,4,0.00%,4,0,0,0.00%,0,0,4,0.00%,4,0
능청맞,VA,4,0.00%,4,0,0,0.00%,0,0,4,0.00%,4,0
대중없,VA,3,0.00%,2,0,1,0.00%,1,0,4,0.00%,3,0
맑디맑,VA,4,0.00%,3,0,0,0.00%,0,0,4,0.00%,3,0
먹먹하,VA,4,0.00%,2,0,0,0.00%,0,0,4,0.00%,2,0
곱디곱,VA,4,0.00%,4,0,0,0.00%,0,0,4,0.00%,4,0
깔깔하,VA,4,0.00%,3,0,0,0.00%,0,0,4,0.00%,3,0
낯모르,VA,4,0.00%,3,0,0,0.00%,0,0,4,0.00%,3,0
퀭하,VA,3,0.00%,2,0,1,0.00%,1,0,4,0.00%,3,0
퉁글,VA,4,0.00%,1,0,0,0.00%,0,0,4,0.00%,1,0
가뭇없,VA,4,0.00%,2,0,0,0.00%,0,0,4,0.00%,2,0
가즈럽,VA,4,0.00%,1,0,0,0.00%,0,0,4,0.00%,1,0
간데없,VA,4,0.00%,4,0,0,0.00%,0,0,4,0.00%,4,0
강파르,VA,4,0.00%,3,0,0,0.00%,0,0,4,0.00%,3,0
에리,VA,4,0.00%,1,0,0,0.00%,0,0,4,0.00%,1,0
옹글,VA,4,0.00%,4,0,0,0.00%,0,0,4,0.00%,4,0
음하,VA,4,0.00%,2,1,0,0.00%,0,0,4,0.00%,2,1
잡되,VA,4,0.00%,4,0,0,0.00%,0,0,4,0.00%,4,0
징하,VA,4,0.00%,4,0,0,0.00%,0,0,4,0.00%,4,0
차겁,VA,4,0.00%,1,0,0,0.00%,0,0,4,0.00%,1,0
뻥하,VA,4,0.00%,2,0,0,0.00%,0,0,4,0.00%,2,0
삿되,VA,4,0.00%,4,2,0,0.00%,0,0,4,0.00%,4,2
딱허,VA,4,0.00%,1,0,0,0.00%,0,0,4,0.00%,1,0
맵차,VA,4,0.00%,3,0,0,0.00%,0,0,4,0.00%,3,0
모르,VA,4,0.00%,4,0,0,0.00%,0,0,4,0.00%,4,0
모지,VA,4,0.00%,4,1,0,0.00%,0,0,4,0.00%,4,1
복되,VA,4,0.00%,2,0,0,0.00%,0,0,4,0.00%,2,0
거하,VA,4,0.00%,3,0,0,0.00%,0,0,4,0.00%,3,0
그러,VA,2,0.00%,2,0,2,0.00%,2,0,4,0.00%,4,0
급허,VA,4,0.00%,3,0,0,0.00%,0,0,4,0.00%,3,0
기럽,VA,4,0.00%,1,0,0,0.00%,0,0,4,0.00%,1,0
꽁하,VA,4,0.00%,4,0,0,0.00%,0,0,4,0.00%,4,0
난하,VA,4,0.00%,3,2,0,0.00%,0,0,4,0.00%,3,2
다습,VA,4,0.00%,2,0,0,0.00%,0,0,4,0.00%,2,0
덜되,VA,4,0.00%,3,0,0,0.00%,0,0,4,0.00%,3,0
받,VA,0,0.00%,0,0,4,0.00%,4,0,4,0.00%,4,0
쌔,VA,4,0.00%,3,0,0,0.00%,0,0,4,0.00%,3,0
엄,VA,4,0.00%,1,0,0,0.00%,0,0,4,0.00%,1,0
웁,VA,4,0.00%,3,0,0,0.00%,0,0,4,0.00%,3,0
찹,VA,4,0.00%,4,0,0,0.00%,0,0,4,0.00%,4,0
가찹,VA,4,0.00%,3,0,0,0.00%,0,0,4,0.00%,3,0
가프,VA,4,0.00%,1,0,0,0.00%,0,0,4,0.00%,1,0
앙징스럽,VA,4,0.00%,4,0,0,0.00%,0,0,4,0.00%,4,0
산하,VA,3,0.00%,2,0,0,0.00%,0,0,3,0.00%,2,0
샛되,VA,3,0.00%,2,0,0,0.00%,0,0,3,0.00%,2,0
생기,VA,1,0.00%,1,0,2,0.00%,2,0,3,0.00%,3,0
섭하,VA,3,0.00%,3,0,0,0.00%,0,0,3,0.00%,3,0
숭허,VA,3,0.00%,3,0,0,0.00%,0,0,3,0.00%,3,0
슬푸,VA,3,0.00%,1,0,0,0.00%,0,0,3,0.00%,1,0
실답,VA,3,0.00%,3,0,0,0.00%,0,0,3,0.00%,3,0
실허,VA,3,0.00%,2,0,0,0.00%,0,0,3,0.00%,2,0
심허,VA,3,0.00%,2,0,0,0.00%,0,0,3,0.00%,2,0
앰하,VA,3,0.00%,2,0,0,0.00%,0,0,3,0.00%,2,0
앰허,VA,3,0.00%,2,0,0,0.00%,0,0,3,0.00%,2,0
따스,VA,3,0.00%,2,0,0,0.00%,0,0,3,0.00%,2,0
별하,VA,3,0.00%,2,0,0,0.00%,0,0,3,0.00%,2,0
빡쎄,VA,0,0.00%,0,0,3,0.00%,3,0,3,0.00%,3,0
뻗세,VA,3,0.00%,2,0,0,0.00%,0,0,3,0.00%,2,0
구쁘,VA,3,0.00%,2,0,0,0.00%,0,0,3,0.00%,2,0
늙,VA,3,0.00%,3,0,0,0.00%,0,0,3,0.00%,3,0
들,VA,0,0.00%,0,0,3,0.00%,3,0,3,0.00%,3,0
뜨,VA,3,0.00%,2,0,0,0.00%,0,0,3,0.00%,2,0
슬,VA,3,0.00%,2,0,0,0.00%,0,0,3,0.00%,2,0
식,VA,3,0.00%,2,0,0,0.00%,0,0,3,0.00%,2,0
칩,VA,3,0.00%,2,0,0,0.00%,0,0,3,0.00%,2,0
유머러스하,VA,3,0.00%,3,0,0,0.00%,0,0,3,0.00%,3,0
조마조마하,VA,3,0.00%,2,0,0,0.00%,0,0,3,0.00%,2,0
메떨어지,VA,3,0.00%,2,0,0,0.00%,0,0,3,0.00%,2,0
반지빠르,VA,3,0.00%,3,0,0,0.00%,0,0,3,0.00%,3,0
쌍꺼풀지,VA,3,0.00%,2,0,0,0.00%,0,0,3,0.00%,2,0
왁살스럽,VA,3,0.00%,3,0,0,0.00%,0,0,3,0.00%,3,0
우쭈렁하,VA,3,0.00%,1,0,0,0.00%,0,0,3,0.00%,1,0
을씨년하,VA,3,0.00%,1,0,0,0.00%,0,0,3,0.00%,1,0
헤벌어지,VA,3,0.00%,2,0,0,0.00%,0,0,3,0.00%,2,0
다이내믹하,VA,3,0.00%,3,0,0,0.00%,0,0,3,0.00%,3,0
어리벙벙하,VA,3,0.00%,3,0,0,0.00%,0,0,3,0.00%,3,0
예쁘장스럽,VA,3,0.00%,2,0,0,0.00%,0,0,3,0.00%,2,0
희푸르,VA,3,0.00%,3,0,0,0.00%,0,0,3,0.00%,3,0
귀꿈스럽,VA,3,0.00%,2,0,0,0.00%,0,0,3,0.00%,2,0
남새시럽,VA,3,0.00%,1,0,0,0.00%,0,0,3,0.00%,1,0
오달지,VA,3,0.00%,3,1,0,0.00%,0,0,3,0.00%,3,1
요상허,VA,3,0.00%,1,0,0,0.00%,0,0,3,0.00%,1,0
음충맞,VA,3,0.00%,2,0,0,0.00%,0,0,3,0.00%,2,0
일매지,VA,3,0.00%,3,0,0,0.00%,0,0,3,0.00%,3,0
짧디짧,VA,3,0.00%,2,0,0,0.00%,0,0,3,0.00%,2,0
철벽같,VA,3,0.00%,3,0,0,0.00%,0,0,3,0.00%,3,0
철석같,VA,3,0.00%,3,0,0,0.00%,0,0,3,0.00%,3,0
촌시럽,VA,0,0.00%,0,0,3,0.00%,2,0,3,0.00%,2,0
숨가쁘,VA,3,0.00%,3,0,0,0.00%,0,0,3,0.00%,3,0
쑥씨렵,VA,0,0.00%,0,0,3,0.00%,1,0,3,0.00%,1,0
씰데없,VA,1,0.00%,1,0,2,0.00%,1,0,3,0.00%,2,0
아귀차,VA,3,0.00%,2,0,0,0.00%,0,0,3,0.00%,2,0
어드렇,VA,3,0.00%,3,0,0,0.00%,0,0,3,0.00%,3,0
언덕지,VA,3,0.00%,2,0,0,0.00%,0,0,3,0.00%,2,0
여무지,VA,3,0.00%,2,0,0,0.00%,0,0,3,0.00%,2,0
보오얗,VA,3,0.00%,2,0,0,0.00%,0,0,3,0.00%,2,0
불티나,VA,3,0.00%,3,0,0,0.00%,0,0,3,0.00%,3,0
빙충맞,VA,3,0.00%,3,0,0,0.00%,0,0,3,0.00%,3,0
사정없,VA,3,0.00%,3,0,0,0.00%,0,0,3,0.00%,3,0
서슴없,VA,3,0.00%,3,0,0,0.00%,0,0,3,0.00%,3,0
세모지,VA,3,0.00%,3,0,0,0.00%,0,0,3,0.00%,3,0
다긔차,VA,3,0.00%,1,0,0,0.00%,0,0,3,0.00%,1,0
동그렇,VA,3,0.00%,3,0,0,0.00%,0,0,3,0.00%,3,0
득달같,VA,3,0.00%,3,0,0,0.00%,0,0,3,0.00%,3,0
때아니,VA,3,0.00%,1,0,0,0.00%,0,0,3,0.00%,1,0
모자르,VA,0,0.00%,0,0,3,0.00%,3,0,3,0.00%,3,0
모잘르,VA,0,0.00%,0,0,3,0.00%,3,0,3,0.00%,3,0
무람없,VA,3,0.00%,3,0,0,0.00%,0,0,3,0.00%,3,0
경사지,VA,3,0.00%,2,0,0,0.00%,0,0,3,0.00%,2,0
곧바르,VA,3,0.00%,3,0,0,0.00%,0,0,3,0.00%,3,0
곧이곧,VA,3,0.00%,2,0,0,0.00%,0,0,3,0.00%,2,0
금쪽같,VA,3,0.00%,3,0,0,0.00%,0,0,3,0.00%,3,0
까딱없,VA,3,0.00%,3,0,0,0.00%,0,0,3,0.00%,3,0
너무하,VA,3,0.00%,3,0,0,0.00%,0,0,3,0.00%,3,0
넙적하,VA,3,0.00%,1,0,0,0.00%,0,0,3,0.00%,1,0
치우,VA,3,0.00%,1,0,0,0.00%,0,0,3,0.00%,1,0
헤식,VA,3,0.00%,3,0,0,0.00%,0,0,3,0.00%,3,0
흉허,VA,3,0.00%,1,0,0,0.00%,0,0,3,0.00%,1,0
흠허,VA,3,0.00%,1,0,0,0.00%,0,0,3,0.00%,1,0
가팔르,VA,3,0.00%,3,0,0,0.00%,0,0,3,0.00%,3,0
걸직하,VA,3,0.00%,2,0,0,0.00%,0,0,3,0.00%,2,0
검누렇,VA,3,0.00%,3,0,0,0.00%,0,0,3,0.00%,3,0
얼뜨,VA,3,0.00%,3,0,0,0.00%,0,0,3,0.00%,3,0
우숩,VA,3,0.00%,2,0,0,0.00%,0,0,3,0.00%,2,0
우하,VA,3,0.00%,3,0,0,0.00%,0,0,3,0.00%,3,0
젊잖,VA,3,0.00%,3,0,0,0.00%,0,0,3,0.00%,3,0
지리,VA,3,0.00%,3,0,0,0.00%,0,0,3,0.00%,3,0
뻣세,VA,3,0.00%,3,0,0,0.00%,0,0,3,0.00%,3,0
사위,VA,3,0.00%,1,0,0,0.00%,0,0,3,0.00%,1,0
쎼,VA,0,0.00%,0,0,2,0.00%,1,0,2,0.00%,1,0
얻,VA,0,0.00%,0,0,2,0.00%,2,0,2,0.00%,2,0
업,VA,2,0.00%,1,0,0,0.00%,0,0,2,0.00%,1,0
외,VA,2,0.00%,1,0,0,0.00%,0,0,2,0.00%,1,0
입,VA,0,0.00%,0,0,2,0.00%,1,0,2,0.00%,1,0
즉,VA,2,0.00%,2,0,0,0.00%,0,0,2,0.00%,2,0
짚,VA,2,0.00%,2,0,0,0.00%,0,0,2,0.00%,2,0
허,VA,2,0.00%,1,0,0,0.00%,0,0,2,0.00%,1,0
가물,VA,2,0.00%,2,0,0,0.00%,0,0,2,0.00%,2,0
가엷,VA,2,0.00%,2,0,0,0.00%,0,0,2,0.00%,2,0
간지,VA,2,0.00%,1,0,0,0.00%,0,0,2,0.00%,1,0
험허,VA,2,0.00%,2,0,0,0.00%,0,0,2,0.00%,2,0
홀하,VA,2,0.00%,2,0,0,0.00%,0,0,2,0.00%,2,0
화하,VA,2,0.00%,2,1,0,0.00%,0,0,2,0.00%,2,1
훤허,VA,2,0.00%,2,0,0,0.00%,0,0,2,0.00%,2,0
힘쎄,VA,0,0.00%,0,0,2,0.00%,2,0,2,0.00%,2,0
힘있,VA,0,0.00%,0,0,2,0.00%,2,0,2,0.00%,2,0
가득차,VA,2,0.00%,2,0,0,0.00%,0,0,2,0.00%,2,0
간단없,VA,2,0.00%,2,0,0,0.00%,0,0,2,0.00%,2,0
갈데없,VA,2,0.00%,2,0,0,0.00%,0,0,2,0.00%,2,0
감사납,VA,2,0.00%,2,0,0,0.00%,0,0,2,0.00%,2,0
감질나,VA,2,0.00%,2,0,0,0.00%,0,0,2,0.00%,2,0
걸죽하,VA,2,0.00%,2,0,0,0.00%,0,0,2,0.00%,2,0
연붉,VA,2,0.00%,2,0,0,0.00%,0,0,2,0.00%,2,0
열하,VA,2,0.00%,1,0,0,0.00%,0,0,2,0.00%,1,0
염하,VA,2,0.00%,1,0,0,0.00%,0,0,2,0.00%,1,0
올차,VA,2,0.00%,2,0,0,0.00%,0,0,2,0.00%,2,0
용허,VA,2,0.00%,1,0,0,0.00%,0,0,2,0.00%,1,0
으세,VA,2,0.00%,1,0,0,0.00%,0,0,2,0.00%,1,0
이삐,VA,2,0.00%,1,0,0,0.00%,0,0,2,0.00%,1,0
잔밉,VA,2,0.00%,1,0,0,0.00%,0,0,2,0.00%,1,0
장허,VA,2,0.00%,1,0,0,0.00%,0,0,2,0.00%,1,0
저떻,VA,2,0.00%,2,0,0,0.00%,0,0,2,0.00%,2,0
저러,VA,0,0.00%,0,0,2,0.00%,1,0,2,0.00%,1,0
조옷,VA,2,0.00%,1,0,0,0.00%,0,0,2,0.00%,1,0
집지,VA,2,0.00%,2,0,0,0.00%,0,0,2,0.00%,2,0
짙붉,VA,2,0.00%,1,0,0,0.00%,0,0,2,0.00%,1,0
짜하,VA,2,0.00%,2,0,0,0.00%,0,0,2,0.00%,2,0
뼈지,VA,2,0.00%,2,0,0,0.00%,0,0,2,0.00%,2,0
살차,VA,2,0.00%,1,0,0,0.00%,0,0,2,0.00%,1,0
상되,VA,2,0.00%,1,0,0,0.00%,0,0,2,0.00%,1,0
상없,VA,2,0.00%,1,0,0,0.00%,0,0,2,0.00%,1,0
상허,VA,2,0.00%,1,0,0,0.00%,0,0,2,0.00%,1,0
션찮,VA,2,0.00%,1,0,0,0.00%,0,0,2,0.00%,1,0
속좁,VA,0,0.00%,0,0,2,0.00%,1,0,2,0.00%,1,0
순허,VA,2,0.00%,1,0,0,0.00%,0,0,2,0.00%,1,0
숫접,VA,2,0.00%,2,0,0,0.00%,0,0,2,0.00%,2,0
습지,VA,2,0.00%,1,0,0,0.00%,0,0,2,0.00%,1,0
어띃,VA,0,0.00%,0,0,2,0.00%,2,0,2,0.00%,2,0
어럽,VA,2,0.00%,2,0,0,0.00%,0,0,2,0.00%,2,0
듯하,VA,2,0.00%,2,0,0,0.00%,0,0,2,0.00%,2,0
따숩,VA,2,0.00%,2,0,0,0.00%,0,0,2,0.00%,2,0
뚜껍,VA,0,0.00%,0,0,2,0.00%,2,0,2,0.00%,2,0
막되,VA,2,0.00%,2,0,0,0.00%,0,0,2,0.00%,2,0
만나,VA,0,0.00%,0,0,2,0.00%,2,0,2,0.00%,2,0
머얼,VA,2,0.00%,2,0,0,0.00%,0,0,2,0.00%,2,0
무하,VA,2,0.00%,2,0,0,0.00%,0,0,2,0.00%,2,0
빨르,VA,0,0.00%,0,0,2,0.00%,2,0,2,0.00%,2,0
뻔히,VA,2,0.00%,1,0,0,0.00%,0,0,2,0.00%,1,0
건하,VA,2,0.00%,2,1,0,0.00%,0,0,2,0.00%,2,1
걸지,VA,2,0.00%,2,0,0,0.00%,0,0,2,0.00%,2,0
고푸,VA,2,0.00%,2,0,0,0.00%,0,0,2,0.00%,2,0
과허,VA,2,0.00%,2,0,0,0.00%,0,0,2,0.00%,2,0
구프,VA,2,0.00%,1,0,0,0.00%,0,0,2,0.00%,1,0
꼬지,VA,0,0.00%,0,0,2,0.00%,2,0,2,0.00%,2,0
나뿌,VA,2,0.00%,2,0,0,0.00%,0,0,2,0.00%,2,0
나섭,VA,2,0.00%,2,0,0,0.00%,0,0,2,0.00%,2,0
노하,VA,2,0.00%,2,0,0,0.00%,0,0,2,0.00%,2,0
다랍,VA,2,0.00%,2,0,0,0.00%,0,0,2,0.00%,2,0
더리,VA,2,0.00%,1,0,0,0.00%,0,0,2,0.00%,1,0
그,VA,2,0.00%,2,0,0,0.00%,0,0,2,0.00%,2,0
남,VA,0,0.00%,0,0,2,0.00%,2,0,2,0.00%,2,0
둏,VA,2,0.00%,1,0,0,0.00%,0,0,2,0.00%,1,0
밭,VA,2,0.00%,2,2,0,0.00%,0,0,2,0.00%,2,2
살,VA,0,0.00%,0,0,2,0.00%,1,0,2,0.00%,1,0
얇디얇,VA,2,0.00%,2,0,0,0.00%,0,0,2,0.00%,2,0
얌전하,VA,2,0.00%,2,0,0,0.00%,0,0,2,0.00%,2,0
얍삽하,VA,2,0.00%,2,0,0,0.00%,0,0,2,0.00%,2,0
어슬프,VA,2,0.00%,2,0,0,0.00%,0,0,2,0.00%,2,0
엥간하,VA,0,0.00%,0,0,2,0.00%,1,0,2,0.00%,1,0
여여하,VA,2,0.00%,1,0,0,0.00%,0,0,2,0.00%,1,0
여의ㅎ,VA,0,0.00%,0,0,2,0.00%,1,0,2,0.00%,1,0
연푸르,VA,2,0.00%,2,0,0,0.00%,0,0,2,0.00%,2,0
바자위,VA,2,0.00%,1,0,0,0.00%,0,0,2,0.00%,1,0
번거럽,VA,2,0.00%,2,0,0,0.00%,0,0,2,0.00%,2,0
별미쩍,VA,2,0.00%,1,0,0,0.00%,0,0,2,0.00%,1,0
별쭝나,VA,2,0.00%,2,0,0,0.00%,0,0,2,0.00%,2,0
부우옇,VA,2,0.00%,2,0,0,0.00%,0,0,2,0.00%,2,0
불서럽,VA,2,0.00%,2,0,0,0.00%,0,0,2,0.00%,2,0
뽓뽓하,VA,2,0.00%,1,0,0,0.00%,0,0,2,0.00%,1,0
새말갛,VA,2,0.00%,1,0,0,0.00%,0,0,2,0.00%,1,0
새청맞,VA,2,0.00%,1,0,0,0.00%,0,0,2,0.00%,1,0
새캄하,VA,2,0.00%,1,0,0,0.00%,0,0,2,0.00%,1,0
새퉁맞,VA,2,0.00%,1,0,0,0.00%,0,0,2,0.00%,1,0
섬닷하,VA,2,0.00%,1,0,0,0.00%,0,0,2,0.00%,1,0
섬뜻하,VA,2,0.00%,2,0,0,0.00%,0,0,2,0.00%,2,0
속상허,VA,2,0.00%,2,0,0,0.00%,0,0,2,0.00%,2,0
솔찬허,VA,2,0.00%,2,0,0,0.00%,0,0,2,0.00%,2,0
눈꼴시,VA,2,0.00%,2,0,0,0.00%,0,0,2,0.00%,2,0
다디달,VA,2,0.00%,2,0,0,0.00%,0,0,2,0.00%,2,0
다라지,VA,2,0.00%,1,0,0,0.00%,0,0,2,0.00%,1,0
다함없,VA,2,0.00%,2,0,0,0.00%,0,0,2,0.00%,2,0
달큰하,VA,2,0.00%,2,0,0,0.00%,0,0,2,0.00%,2,0
대간허,VA,2,0.00%,1,0,0,0.00%,0,0,2,0.00%,1,0
뎅그랗,VA,2,0.00%,2,0,0,0.00%,0,0,2,0.00%,2,0
듣그럽,VA,2,0.00%,1,0,0,0.00%,0,0,2,0.00%,1,0
또라지,VA,2,0.00%,2,0,0,0.00%,0,0,2,0.00%,2,0
똘똘하,VA,2,0.00%,1,0,0,0.00%,0,0,2,0.00%,1,0
뜨근하,VA,2,0.00%,2,0,0,0.00%,0,0,2,0.00%,2,0
맛깔지,VA,2,0.00%,2,0,0,0.00%,0,0,2,0.00%,2,0
맵디맵,VA,2,0.00%,2,0,0,0.00%,0,0,2,0.00%,2,0
머얼겋,VA,2,0.00%,1,0,0,0.00%,0,0,2,0.00%,1,0
머엉하,VA,2,0.00%,2,0,0,0.00%,0,0,2,0.00%,2,0
무뚝하,VA,2,0.00%,1,0,0,0.00%,0,0,2,0.00%,1,0
무지하,VA,0,0.00%,0,0,2,0.00%,1,0,2,0.00%,1,0
검누르,VA,2,0.00%,2,0,0,0.00%,0,0,2,0.00%,2,0
경황없,VA,2,0.00%,2,0,0,0.00%,0,0,2,0.00%,2,0
골독하,VA,2,0.00%,1,0,0,0.00%,0,0,2,0.00%,1,0
곰살갑,VA,2,0.00%,2,0,0,0.00%,0,0,2,0.00%,2,0
곰살맞,VA,2,0.00%,2,0,0,0.00%,0,0,2,0.00%,2,0
공굴차,VA,2,0.00%,1,0,0,0.00%,0,0,2,0.00%,1,0
괴퍅하,VA,2,0.00%,2,0,0,0.00%,0,0,2,0.00%,2,0
구배지,VA,2,0.00%,1,0,0,0.00%,0,0,2,0.00%,1,0
구차하,VA,2,0.00%,2,0,0,0.00%,0,0,2,0.00%,2,0
그러잖,VA,2,0.00%,2,0,0,0.00%,0,0,2,0.00%,2,0
그리웁,VA,2,0.00%,1,0,0,0.00%,0,0,2,0.00%,1,0
기탄없,VA,2,0.00%,2,0,0,0.00%,0,0,2,0.00%,2,0
깔끄럽,VA,2,0.00%,2,0,0,0.00%,0,0,2,0.00%,2,0
꼴같잖,VA,2,0.00%,2,0,0,0.00%,0,0,2,0.00%,2,0
꼼짝없,VA,2,0.00%,2,0,0,0.00%,0,0,2,0.00%,2,0
끄덕없,VA,2,0.00%,2,0,0,0.00%,0,0,2,0.00%,2,0
천허,VA,2,0.00%,1,0,0,0.00%,0,0,2,0.00%,1,0
철겹,VA,2,0.00%,2,0,0,0.00%,0,0,2,0.00%,2,0
쾌하,VA,2,0.00%,2,0,0,0.00%,0,0,2,0.00%,2,0
쾡하,VA,2,0.00%,2,0,0,0.00%,0,0,2,0.00%,2,0
티껍,VA,1,0.00%,1,0,1,0.00%,1,0,2,0.00%,2,0
하많,VA,2,0.00%,1,0,0,0.00%,0,0,2,0.00%,1,0
햐얗,VA,2,0.00%,2,0,0,0.00%,0,0,2,0.00%,2,0
헐벗,VA,2,0.00%,2,0,0,0.00%,0,0,2,0.00%,2,0
이지랑스럽,VA,2,0.00%,1,0,0,0.00%,0,0,2,0.00%,1,0
자발머리없,VA,2,0.00%,1,0,0,0.00%,0,0,2,0.00%,1,0
얼토당토안하,VA,0,0.00%,0,0,2,0.00%,1,0,2,0.00%,1,0
뚱딴지같,VA,2,0.00%,2,0,0,0.00%,0,0,2,0.00%,2,0
머르레하,VA,2,0.00%,1,0,0,0.00%,0,0,2,0.00%,1,0
몰강스럽,VA,2,0.00%,2,0,0,0.00%,0,0,2,0.00%,2,0
불그레하,VA,2,0.00%,2,0,0,0.00%,0,0,2,0.00%,2,0
사작바르,VA,2,0.00%,1,0,0,0.00%,0,0,2,0.00%,1,0
살천스럽,VA,2,0.00%,2,0,0,0.00%,0,0,2,0.00%,2,0
소스라치,VA,2,0.00%,1,0,0,0.00%,0,0,2,0.00%,1,0
야물딱지,VA,2,0.00%,2,0,0,0.00%,0,0,2,0.00%,2,0
어떠어떻,VA,2,0.00%,2,0,0,0.00%,0,0,2,0.00%,2,0
여차직하,VA,2,0.00%,2,0,0,0.00%,0,0,2,0.00%,2,0
예쁘장하,VA,2,0.00%,1,0,0,0.00%,0,0,2,0.00%,1,0
정갈스럽,VA,2,0.00%,2,0,0,0.00%,0,0,2,0.00%,2,0
찌뿌둥하,VA,2,0.00%,2,0,0,0.00%,0,0,2,0.00%,2,0
투박스럽,VA,2,0.00%,2,0,0,0.00%,0,0,2,0.00%,2,0
흐무러지,VA,2,0.00%,2,0,0,0.00%,0,0,2,0.00%,2,0
게을러빠지,VA,2,0.00%,2,0,0,0.00%,0,0,2,0.00%,2,0
껄렁껄렁하,VA,2,0.00%,1,0,0,0.00%,0,0,2,0.00%,1,0
맹숭맹숭하,VA,2,0.00%,1,0,0,0.00%,0,0,2,0.00%,1,0
믿음직스럽,VA,2,0.00%,2,0,0,0.00%,0,0,2,0.00%,2,0
사근사근하,VA,2,0.00%,2,0,0,0.00%,0,0,2,0.00%,2,0
시시껍절하,VA,2,0.00%,1,0,0,0.00%,0,0,2,0.00%,1,0
아리까리하,VA,2,0.00%,2,0,0,0.00%,0,0,2,0.00%,2,0
어둑시근하,VA,2,0.00%,1,0,0,0.00%,0,0,2,0.00%,1,0
어둑어둑하,VA,2,0.00%,2,0,0,0.00%,0,0,2,0.00%,2,0
켸켸묵,VA,2,0.00%,2,0,0,0.00%,0,0,2,0.00%,2,0
쿰쿰하,VA,2,0.00%,1,0,0,0.00%,0,0,2,0.00%,1,0
크단하,VA,2,0.00%,1,0,0,0.00%,0,0,2,0.00%,1,0
푸닥지,VA,2,0.00%,1,0,0,0.00%,0,0,2,0.00%,1,0
허이옇,VA,2,0.00%,2,0,0,0.00%,0,0,2,0.00%,2,0
헤설프,VA,2,0.00%,1,0,0,0.00%,0,0,2,0.00%,1,0
가로막히,VA,2,0.00%,2,0,0,0.00%,0,0,2,0.00%,2,0
가팔막지,VA,2,0.00%,1,0,0,0.00%,0,0,2,0.00%,1,0
개감스럽,VA,2,0.00%,2,0,0,0.00%,0,0,2,0.00%,2,0
고약스럽,VA,2,0.00%,1,0,0,0.00%,0,0,2,0.00%,1,0
글박스럽,VA,2,0.00%,1,0,0,0.00%,0,0,2,0.00%,1,0
남부럽잖,VA,2,0.00%,2,0,0,0.00%,0,0,2,0.00%,2,0
다수굿하,VA,2,0.00%,1,0,0,0.00%,0,0,2,0.00%,1,0
단작스럽,VA,2,0.00%,1,0,0,0.00%,0,0,2,0.00%,1,0
되지못하,VA,2,0.00%,2,0,0,0.00%,0,0,2,0.00%,2,0
옛스럽,VA,2,0.00%,2,0,0,0.00%,0,0,2,0.00%,2,0
우리하,VA,2,0.00%,2,0,0,0.00%,0,0,2,0.00%,2,0
이윽하,VA,2,0.00%,1,0,0,0.00%,0,0,2,0.00%,1,0
잘다랗,VA,2,0.00%,1,0,0,0.00%,0,0,2,0.00%,1,0
정겨웁,VA,2,0.00%,2,0,0,0.00%,0,0,2,0.00%,2,0
조고맣,VA,2,0.00%,1,0,0,0.00%,0,0,2,0.00%,1,0
조그많,VA,2,0.00%,2,0,0,0.00%,0,0,2,0.00%,2,0
종요롭,VA,2,0.00%,2,0,0,0.00%,0,0,2,0.00%,2,0
주의깊,VA,0,0.00%,0,0,2,0.00%,1,0,2,0.00%,1,0
중뿔나,VA,2,0.00%,2,0,0,0.00%,0,0,2,0.00%,2,0
징글맞,VA,1,0.00%,1,0,1,0.00%,1,0,2,0.00%,2,0
짭사하,VA,2,0.00%,1,0,0,0.00%,0,0,2,0.00%,1,0
철통같,VA,2,0.00%,2,0,0,0.00%,0,0,2,0.00%,2,0
수긋하,VA,2,0.00%,2,0,0,0.00%,0,0,2,0.00%,2,0
시끌맞,VA,2,0.00%,1,0,0,0.00%,0,0,2,0.00%,1,0
시뿌옇,VA,2,0.00%,2,0,0,0.00%,0,0,2,0.00%,2,0
시푸르,VA,2,0.00%,2,0,0,0.00%,0,0,2,0.00%,2,0
신통찮,VA,2,0.00%,2,0,0,0.00%,0,0,2,0.00%,2,0
실낱같,VA,2,0.00%,2,0,0,0.00%,0,0,2,0.00%,2,0
싫긋하,VA,2,0.00%,1,0,0,0.00%,0,0,2,0.00%,1,0
애처럽,VA,2,0.00%,2,0,0,0.00%,0,0,2,0.00%,2,0
약빠르,VA,2,0.00%,2,0,0,0.00%,0,0,2,0.00%,2,0
갓,VA,1,0.00%,1,0,0,0.00%,0,0,1,0.00%,1,0
갖,VA,1,0.00%,1,0,0,0.00%,0,0,1,0.00%,1,0
걷,VA,0,0.00%,0,0,1,0.00%,1,0,1,0.00%,1,0
괄,VA,1,0.00%,1,0,0,0.00%,0,0,1,0.00%,1,0
궃,VA,1,0.00%,1,0,0,0.00%,0,0,1,0.00%,1,0
글,VA,1,0.00%,1,0,0,0.00%,0,0,1,0.00%,1,0
끊,VA,0,0.00%,0,0,1,0.00%,1,0,1,0.00%,1,0
끌,VA,0,0.00%,0,0,1,0.00%,1,0,1,0.00%,1,0
낄,VA,0,0.00%,0,0,1,0.00%,1,0,1,0.00%,1,0
낳,VA,0,0.00%,0,0,1,0.00%,1,0,1,0.00%,1,0
냅,VA,1,0.00%,1,0,0,0.00%,0,0,1,0.00%,1,0
넒,VA,0,0.00%,0,0,1,0.00%,1,0,1,0.00%,1,0
놀,VA,0,0.00%,0,0,1,0.00%,1,0,1,0.00%,1,0
놉,VA,1,0.00%,1,0,0,0.00%,0,0,1,0.00%,1,0
놓,VA,1,0.00%,1,0,0,0.00%,0,0,1,0.00%,1,0
늘,VA,0,0.00%,0,0,1,0.00%,1,0,1,0.00%,1,0
닮,VA,1,0.00%,1,0,0,0.00%,0,0,1,0.00%,1,0
듣,VA,0,0.00%,0,0,1,0.00%,1,0,1,0.00%,1,0
마,VA,1,0.00%,1,0,0,0.00%,0,0,1,0.00%,1,0
만,VA,1,0.00%,1,0,0,0.00%,0,0,1,0.00%,1,0
머,VA,1,0.00%,1,0,0,0.00%,0,0,1,0.00%,1,0
묶,VA,0,0.00%,0,0,1,0.00%,1,0,1,0.00%,1,0
믿,VA,0,0.00%,0,0,1,0.00%,1,0,1,0.00%,1,0
벌,VA,1,0.00%,1,0,0,0.00%,0,0,1,0.00%,1,0
붙,VA,0,0.00%,0,0,1,0.00%,1,0,1,0.00%,1,0
새,VA,1,0.00%,1,0,0,0.00%,0,0,1,0.00%,1,0
솔,VA,1,0.00%,1,1,0,0.00%,0,0,1,0.00%,1,1
썩,VA,1,0.00%,1,0,0,0.00%,0,0,1,0.00%,1,0
안,VA,1,0.00%,1,0,0,0.00%,0,0,1,0.00%,1,0
오,VA,1,0.00%,1,0,0,0.00%,0,0,1,0.00%,1,0
웃,VA,0,0.00%,0,0,1,0.00%,1,0,1,0.00%,1,0
읽,VA,0,0.00%,0,0,1,0.00%,1,0,1,0.00%,1,0
잇,VA,0,0.00%,0,0,1,0.00%,1,0,1,0.00%,1,0
자,VA,0,0.00%,0,0,1,0.00%,1,0,1,0.00%,1,0
조,VA,1,0.00%,1,0,0,0.00%,0,0,1,0.00%,1,0
족,VA,1,0.00%,1,0,0,0.00%,0,0,1,0.00%,1,0
존,VA,0,0.00%,0,0,1,0.00%,1,0,1,0.00%,1,0
죠,VA,1,0.00%,1,0,0,0.00%,0,0,1,0.00%,1,0
줄,VA,0,0.00%,0,0,1,0.00%,1,0,1,0.00%,1,0
집,VA,1,0.00%,1,0,0,0.00%,0,0,1,0.00%,1,0
짤,VA,1,0.00%,1,0,0,0.00%,0,0,1,0.00%,1,0
쩔,VA,1,0.00%,1,0,0,0.00%,0,0,1,0.00%,1,0
찾,VA,0,0.00%,0,0,1,0.00%,1,0,1,0.00%,1,0
패,VA,1,0.00%,1,0,0,0.00%,0,0,1,0.00%,1,0
흖,VA,1,0.00%,1,0,0,0.00%,0,0,1,0.00%,1,0
,VA,1,0.00%,1,0,0,0.00%,0,0,1,0.00%,1,0
ㅣㅆ,VA,0,0.00%,0,0,1,0.00%,1,0,1,0.00%,1,0
가닐,VA,1,0.00%,1,0,0,0.00%,0,0,1,0.00%,1,0
가맣,VA,1,0.00%,1,0,0,0.00%,0,0,1,0.00%,1,0
값없,VA,1,0.00%,1,0,0,0.00%,0,0,1,0.00%,1,0
같들,VA,1,0.00%,1,0,0,0.00%,0,0,1,0.00%,1,0
개않,VA,1,0.00%,1,0,0,0.00%,0,0,1,0.00%,1,0
객없,VA,1,0.00%,1,0,0,0.00%,0,0,1,0.00%,1,0
거깄,VA,0,0.00%,0,0,1,0.00%,1,0,1,0.00%,1,0
겉약,VA,1,0.00%,1,0,0,0.00%,0,0,1,0.00%,1,0
겨웁,VA,1,0.00%,1,0,0,0.00%,0,0,1,0.00%,1,0
고롭,VA,1,0.00%,1,0,0,0.00%,0,0,1,0.00%,1,0
고리,VA,1,0.00%,1,0,0,0.00%,0,0,1,0.00%,1,0
고웁,VA,1,0.00%,1,0,0,0.00%,0,0,1,0.00%,1,0
고파,VA,0,0.00%,0,0,1,0.00%,1,0,1,0.00%,1,0
곤허,VA,1,0.00%,1,0,0,0.00%,0,0,1,0.00%,1,0
괘않,VA,1,0.00%,1,0,0,0.00%,0,0,1,0.00%,1,0
괜챦,VA,1,0.00%,1,0,0,0.00%,0,0,1,0.00%,1,0
괜허,VA,1,0.00%,1,0,0,0.00%,0,0,1,0.00%,1,0
구지,VA,0,0.00%,0,0,1,0.00%,1,0,1,0.00%,1,0
굼닐,VA,1,0.00%,1,0,0,0.00%,0,0,1,0.00%,1,0
궁굴,VA,1,0.00%,1,0,0,0.00%,0,0,1,0.00%,1,0
귀찬,VA,1,0.00%,1,0,0,0.00%,0,0,1,0.00%,1,0
그라,VA,1,0.00%,1,0,0,0.00%,0,0,1,0.00%,1,0
그럿,VA,1,0.00%,1,0,0,0.00%,0,0,1,0.00%,1,0
그렁,VA,1,0.00%,1,0,0,0.00%,0,0,1,0.00%,1,0
그릉,VA,1,0.00%,1,0,0,0.00%,0,0,1,0.00%,1,0
글르,VA,0,0.00%,0,0,1,0.00%,1,0,1,0.00%,1,0
급혀,VA,1,0.00%,1,0,0,0.00%,0,0,1,0.00%,1,0
기닿,VA,1,0.00%,1,0,0,0.00%,0,0,1,0.00%,1,0
기프,VA,1,0.00%,1,0,0,0.00%,0,0,1,0.00%,1,0
길차,VA,1,0.00%,1,0,0,0.00%,0,0,1,0.00%,1,0
길허,VA,1,0.00%,1,0,0,0.00%,0,0,1,0.00%,1,0
깐지,VA,1,0.00%,1,0,0,0.00%,0,0,1,0.00%,1,0
깨닫,VA,1,0.00%,1,0,0,0.00%,0,0,1,0.00%,1,0
꺽세,VA,1,0.00%,1,0,0,0.00%,0,0,1,0.00%,1,0
꼬숩,VA,1,0.00%,1,0,0,0.00%,0,0,1,0.00%,1,0
꾸미,VA,0,0.00%,0,0,1,0.00%,1,0,1,0.00%,1,0
꾸지,VA,0,0.00%,0,0,1,0.00%,1,0,1,0.00%,1,0
꿈뜨,VA,1,0.00%,1,0,0,0.00%,0,0,1,0.00%,1,0
나같,VA,1,0.00%,1,0,0,0.00%,0,0,1,0.00%,1,0
나누,VA,0,0.00%,0,0,1,0.00%,1,0,1,0.00%,1,0
날쌉,VA,1,0.00%,1,0,0,0.00%,0,0,1,0.00%,1,0
날쎄,VA,1,0.00%,1,0,0,0.00%,0,0,1,0.00%,1,0
낮익,VA,1,0.00%,1,0,0,0.00%,0,0,1,0.00%,1,0
내놓,VA,0,0.00%,0,0,1,0.00%,1,0,1,0.00%,1,0
노르,VA,1,0.00%,1,0,0,0.00%,0,0,1,0.00%,1,0
놀라,VA,0,0.00%,0,0,1,0.00%,1,0,1,0.00%,1,0
농하,VA,1,0.00%,1,0,0,0.00%,0,0,1,0.00%,1,0
높낮,VA,1,0.00%,1,0,0,0.00%,0,0,1,0.00%,1,0
높지,VA,1,0.00%,1,0,0,0.00%,0,0,1,0.00%,1,0
뇌랗,VA,1,0.00%,1,0,0,0.00%,0,0,1,0.00%,1,0
뇌렇,VA,1,0.00%,1,0,0,0.00%,0,0,1,0.00%,1,0
누릏,VA,0,0.00%,0,0,1,0.00%,1,0,1,0.00%,1,0
누리,VA,1,0.00%,1,0,0,0.00%,0,0,1,0.00%,1,0
다숩,VA,1,0.00%,1,0,0,0.00%,0,0,1,0.00%,1,0
당당,VA,1,0.00%,1,0,0,0.00%,0,0,1,0.00%,1,0
당찮,VA,1,0.00%,1,0,0,0.00%,0,0,1,0.00%,1,0
따르,VA,0,0.00%,0,0,1,0.00%,1,0,1,0.00%,1,0
때맞,VA,1,0.00%,1,0,0,0.00%,0,0,1,0.00%,1,0
똑겉,VA,1,0.00%,1,0,0,0.00%,0,0,1,0.00%,1,0
뜨습,VA,1,0.00%,1,0,0,0.00%,0,0,1,0.00%,1,0
뜻깊,VA,0,0.00%,0,0,1,0.00%,1,0,1,0.00%,1,0
마뜩,VA,1,0.00%,1,0,0,0.00%,0,0,1,0.00%,1,0
망하,VA,0,0.00%,0,0,1,0.00%,1,0,1,0.00%,1,0
매렵,VA,1,0.00%,1,0,0,0.00%,0,0,1,0.00%,1,0
매웁,VA,1,0.00%,1,0,0,0.00%,0,0,1,0.00%,1,0
먈갛,VA,1,0.00%,1,0,0,0.00%,0,0,1,0.00%,1,0
머흘,VA,1,0.00%,1,0,0,0.00%,0,0,1,0.00%,1,0
멋없,VA,1,0.00%,1,0,0,0.00%,0,0,1,0.00%,1,0
메지,VA,1,0.00%,1,0,0,0.00%,0,0,1,0.00%,1,0
몬나,VA,1,0.00%,1,0,0,0.00%,0,0,1,0.00%,1,0
몹쓰,VA,1,0.00%,1,0,0,0.00%,0,0,1,0.00%,1,0
묘허,VA,1,0.00%,1,0,0,0.00%,0,0,1,0.00%,1,0
무데,VA,1,0.00%,1,0,0,0.00%,0,0,1,0.00%,1,0
무시,VA,1,0.00%,1,0,0,0.00%,0,0,1,0.00%,1,0
무십,VA,1,0.00%,1,0,0,0.00%,0,0,1,0.00%,1,0
물르,VA,0,0.00%,0,0,1,0.00%,1,0,1,0.00%,1,0
물리,VA,0,0.00%,0,0,1,0.00%,1,0,1,0.00%,1,0
뭇나,VA,1,0.00%,1,0,0,0.00%,0,0,1,0.00%,1,0
미웁,VA,1,0.00%,1,0,0,0.00%,0,0,1,0.00%,1,0
미치,VA,0,0.00%,0,0,1,0.00%,1,0,1,0.00%,1,0
민하,VA,1,0.00%,1,0,0,0.00%,0,0,1,0.00%,1,0
바뿌,VA,1,0.00%,1,0,0,0.00%,0,0,1,0.00%,1,0
바트,VA,1,0.00%,1,0,0,0.00%,0,0,1,0.00%,1,0
박허,VA,1,0.00%,1,0,0,0.00%,0,0,1,0.00%,1,0
반감,VA,0,0.00%,0,0,1,0.00%,1,0,1,0.00%,1,0
밸라,VA,1,0.00%,1,0,0,0.00%,0,0,1,0.00%,1,0
벌게,VA,1,0.00%,1,0,0,0.00%,0,0,1,0.00%,1,0
변하,VA,0,0.00%,0,0,1,0.00%,1,0,1,0.00%,1,0
부여,VA,1,0.00%,1,0,0,0.00%,0,0,1,0.00%,1,0
부풀,VA,1,0.00%,1,0,0,0.00%,0,0,1,0.00%,1,0
비하,VA,1,0.00%,1,0,0,0.00%,0,0,1,0.00%,1,0
빡시,VA,0,0.00%,0,0,1,0.00%,1,0,1,0.00%,1,0
빼나,VA,1,0.00%,1,0,0,0.00%,0,0,1,0.00%,1,0
뻑세,VA,0,0.00%,0,0,1,0.00%,1,0,1,0.00%,1,0
뻔허,VA,1,0.00%,1,0,0,0.00%,0,0,1,0.00%,1,0
뽈갛,VA,1,0.00%,1,0,0,0.00%,0,0,1,0.00%,1,0
뿌하,VA,0,0.00%,0,0,1,0.00%,1,0,1,0.00%,1,0
삐뚫,VA,1,0.00%,1,0,0,0.00%,0,0,1,0.00%,1,0
상하,VA,1,0.00%,1,0,0,0.00%,0,0,1,0.00%,1,0
새차,VA,1,0.00%,1,0,0,0.00%,0,0,1,0.00%,1,0
설웁,VA,1,0.00%,1,0,0,0.00%,0,0,1,0.00%,1,0
쇳되,VA,1,0.00%,1,0,0,0.00%,0,0,1,0.00%,1,0
수집,VA,1,0.00%,1,0,0,0.00%,0,0,1,0.00%,1,0
숫지,VA,1,0.00%,1,0,0,0.00%,0,0,1,0.00%,1,0
숫하,VA,1,0.00%,1,1,0,0.00%,0,0,1,0.00%,1,1
스리,VA,1,0.00%,1,0,0,0.00%,0,0,1,0.00%,1,0
시들,VA,1,0.00%,1,0,0,0.00%,0,0,1,0.00%,1,0
시럽,VA,1,0.00%,1,0,0,0.00%,0,0,1,0.00%,1,0
실푸,VA,1,0.00%,1,0,0,0.00%,0,0,1,0.00%,1,0
심들,VA,1,0.00%,1,0,0,0.00%,0,0,1,0.00%,1,0
싸납,VA,1,0.00%,1,0,0,0.00%,0,0,1,0.00%,1,0
쌔하,VA,1,0.00%,1,0,0,0.00%,0,0,1,0.00%,1,0
아파,VA,0,0.00%,0,0,1,0.00%,1,0,1,0.00%,1,0
안차,VA,1,0.00%,1,0,0,0.00%,0,0,1,0.00%,1,0
앙하,VA,1,0.00%,1,0,0,0.00%,0,0,1,0.00%,1,0
애잖,VA,1,0.00%,1,0,0,0.00%,0,0,1,0.00%,1,0
앳띠,VA,1,0.00%,1,0,0,0.00%,0,0,1,0.00%,1,0
약허,VA,1,0.00%,1,0,0,0.00%,0,0,1,0.00%,1,0
어떠,VA,1,0.00%,1,0,0,0.00%,0,0,1,0.00%,1,0
어렙,VA,1,0.00%,1,0,0,0.00%,0,0,1,0.00%,1,0
어마,VA,1,0.00%,1,0,0,0.00%,0,0,1,0.00%,1,0
어쭙,VA,1,0.00%,1,0,0,0.00%,0,0,1,0.00%,1,0
억시,VA,1,0.00%,1,0,0,0.00%,0,0,1,0.00%,1,0
언찮,VA,1,0.00%,1,0,0,0.00%,0,0,1,0.00%,1,0
얼들,VA,1,0.00%,1,0,0,0.00%,0,0,1,0.00%,1,0
얼띠,VA,1,0.00%,1,0,0,0.00%,0,0,1,0.00%,1,0
없다,VA,0,0.00%,0,0,1,0.00%,1,0,1,0.00%,1,0
없잖,VA,1,0.00%,1,0,0,0.00%,0,0,1,0.00%,1,0
엇떻,VA,1,0.00%,1,0,0,0.00%,0,0,1,0.00%,1,0
에굽,VA,1,0.00%,1,0,0,0.00%,0,0,1,0.00%,1,0
에렵,VA,1,0.00%,1,0,0,0.00%,0,0,1,0.00%,1,0
여뿌,VA,1,0.00%,1,0,0,0.00%,0,0,1,0.00%,1,0
역겁,VA,1,0.00%,1,0,0,0.00%,0,0,1,0.00%,1,0
엷붉,VA,1,0.00%,1,0,0,0.00%,0,0,1,0.00%,1,0
엿같,VA,0,0.00%,0,0,1,0.00%,1,0,1,0.00%,1,0
영하,VA,1,0.00%,1,0,0,0.00%,0,0,1,0.00%,1,0
예뿌,VA,1,0.00%,1,0,0,0.00%,0,0,1,0.00%,1,0
예삐,VA,1,0.00%,1,0,0,0.00%,0,0,1,0.00%,1,0
우섭,VA,1,0.00%,1,0,0,0.00%,0,0,1,0.00%,1,0
워뗳,VA,1,0.00%,1,0,0,0.00%,0,0,1,0.00%,1,0
으딨,VA,0,0.00%,0,0,1,0.00%,1,0,1,0.00%,1,0
으뜨,VA,1,0.00%,1,0,0,0.00%,0,0,1,0.00%,1,0
이릏,VA,0,0.00%,0,0,1,0.00%,1,0,1,0.00%,1,0
이옇,VA,1,0.00%,1,0,0,0.00%,0,0,1,0.00%,1,0
자리,VA,0,0.00%,0,0,1,0.00%,1,0,1,0.00%,1,0
재싸,VA,1,0.00%,1,0,0,0.00%,0,0,1,0.00%,1,0
저깄,VA,0,0.00%,0,0,1,0.00%,1,0,1,0.00%,1,0
저랗,VA,1,0.00%,1,0,0,0.00%,0,0,1,0.00%,1,0
점쟎,VA,1,0.00%,1,0,0,0.00%,0,0,1,0.00%,1,0
조옿,VA,1,0.00%,1,0,0,0.00%,0,0,1,0.00%,1,0
졸리,VA,0,0.00%,0,0,1,0.00%,1,0,1,0.00%,1,0
좋찮,VA,1,0.00%,1,0,0,0.00%,0,0,1,0.00%,1,0
준하,VA,1,0.00%,1,0,0,0.00%,0,0,1,0.00%,1,0
증하,VA,1,0.00%,1,0,0,0.00%,0,0,1,0.00%,1,0
지대,VA,0,0.00%,0,0,1,0.00%,1,0,1,0.00%,1,0
짓꿎,VA,1,0.00%,1,0,0,0.00%,0,0,1,0.00%,1,0
짤루,VA,1,0.00%,1,0,0,0.00%,0,0,1,0.00%,1,0
쨍하,VA,1,0.00%,1,0,0,0.00%,0,0,1,0.00%,1,0
쩌리,VA,1,0.00%,1,0,0,0.00%,0,0,1,0.00%,1,0
참허,VA,1,0.00%,1,0,0,0.00%,0,0,1,0.00%,1,0
코먹,VA,1,0.00%,1,0,0,0.00%,0,0,1,0.00%,1,0
쿠리,VA,1,0.00%,1,0,0,0.00%,0,0,1,0.00%,1,0
쿨하,VA,0,0.00%,0,0,1,0.00%,1,0,1,0.00%,1,0
키차,VA,1,0.00%,1,0,0,0.00%,0,0,1,0.00%,1,0
탐하,VA,1,0.00%,1,0,0,0.00%,0,0,1,0.00%,1,0
투텁,VA,1,0.00%,1,0,0,0.00%,0,0,1,0.00%,1,0
틀지,VA,1,0.00%,1,0,0,0.00%,0,0,1,0.00%,1,0
팬하,VA,1,0.00%,1,0,0,0.00%,0,0,1,0.00%,1,0
펜허,VA,1,0.00%,1,0,0,0.00%,0,0,1,0.00%,1,0
편ㅎ,VA,0,0.00%,0,0,1,0.00%,1,0,1,0.00%,1,0
편히,VA,1,0.00%,1,0,0,0.00%,0,0,1,0.00%,1,0
푸하,VA,0,0.00%,0,0,1,0.00%,1,0,1,0.00%,1,0
풀죽,VA,1,0.00%,1,0,0,0.00%,0,0,1,0.00%,1,0
한하,VA,1,0.00%,1,0,0,0.00%,0,0,1,0.00%,1,0
헐허,VA,1,0.00%,1,0,0,0.00%,0,0,1,0.00%,1,0
헤먹,VA,1,0.00%,1,0,0,0.00%,0,0,1,0.00%,1,0
혹하,VA,0,0.00%,0,0,1,0.00%,1,0,1,0.00%,1,0
횅하,VA,1,0.00%,1,0,0,0.00%,0,0,1,0.00%,1,0
횡하,VA,1,0.00%,1,0,0,0.00%,0,0,1,0.00%,1,0
후허,VA,1,0.00%,1,0,0,0.00%,0,0,1,0.00%,1,0
흔ㅎ,VA,0,0.00%,0,0,1,0.00%,1,0,1,0.00%,1,0
희맑,VA,1,0.00%,1,0,0,0.00%,0,0,1,0.00%,1,0
힁하,VA,1,0.00%,1,0,0,0.00%,0,0,1,0.00%,1,0
힘지,VA,1,0.00%,1,0,0,0.00%,0,0,1,0.00%,1,0
힝하,VA,1,0.00%,1,0,0,0.00%,0,0,1,0.00%,1,0
가냐프,VA,1,0.00%,1,0,0,0.00%,0,0,1,0.00%,1,0
가느랗,VA,1,0.00%,1,0,0,0.00%,0,0,1,0.00%,1,0
가들지,VA,1,0.00%,1,0,0,0.00%,0,0,1,0.00%,1,0
가량맞,VA,1,0.00%,1,0,0,0.00%,0,0,1,0.00%,1,0
가량없,VA,1,0.00%,1,0,0,0.00%,0,0,1,0.00%,1,0
가련하,VA,1,0.00%,1,0,0,0.00%,0,0,1,0.00%,1,0
가파롭,VA,1,0.00%,1,0,0,0.00%,0,0,1,0.00%,1,0
각별나,VA,1,0.00%,1,0,0,0.00%,0,0,1,0.00%,1,0
간곳없,VA,1,0.00%,1,0,0,0.00%,0,0,1,0.00%,1,0
강강하,VA,1,0.00%,1,0,0,0.00%,0,0,1,0.00%,1,0
강단지,VA,1,0.00%,1,0,0,0.00%,0,0,1,0.00%,1,0
강팍하,VA,1,0.00%,1,0,0,0.00%,0,0,1,0.00%,1,0
강팔지,VA,1,0.00%,1,0,0,0.00%,0,0,1,0.00%,1,0
개구지,VA,1,0.00%,1,0,0,0.00%,0,0,1,0.00%,1,0
개운찮,VA,1,0.00%,1,0,0,0.00%,0,0,1,0.00%,1,0
개자하,VA,1,0.00%,1,1,0,0.00%,0,0,1,0.00%,1,1
갸날프,VA,1,0.00%,1,0,0,0.00%,0,0,1,0.00%,1,0
갸냘프,VA,1,0.00%,1,0,0,0.00%,0,0,1,0.00%,1,0
걀쪽하,VA,1,0.00%,1,0,0,0.00%,0,0,1,0.00%,1,0
거름지,VA,1,0.00%,1,0,0,0.00%,0,0,1,0.00%,1,0
거치르,VA,1,0.00%,1,0,0,0.00%,0,0,1,0.00%,1,0
거품지,VA,1,0.00%,1,0,0,0.00%,0,0,1,0.00%,1,0
걸끄럽,VA,1,0.00%,1,0,0,0.00%,0,0,1,0.00%,1,0
검질기,VA,1,0.00%,1,0,0,0.00%,0,0,1,0.00%,1,0
게을르,VA,0,0.00%,0,0,1,0.00%,1,0,1,0.00%,1,0
고무맙,VA,1,0.00%,1,0,0,0.00%,0,0,1,0.00%,1,0
고이하,VA,1,0.00%,1,0,0,0.00%,0,0,1,0.00%,1,0
구성없,VA,1,0.00%,1,0,0,0.00%,0,0,1,0.00%,1,0
군시럽,VA,1,0.00%,1,0,0,0.00%,0,0,1,0.00%,1,0
굴척지,VA,1,0.00%,1,0,0,0.00%,0,0,1,0.00%,1,0
궁금쩍,VA,1,0.00%,1,0,0,0.00%,0,0,1,0.00%,1,0
궁금하,VA,1,0.00%,1,1,0,0.00%,0,0,1,0.00%,1,1
궁벽지,VA,1,0.00%,1,0,0,0.00%,0,0,1,0.00%,1,0
귀살적,VA,1,0.00%,1,0,0,0.00%,0,0,1,0.00%,1,0
그러찮,VA,1,0.00%,1,0,0,0.00%,0,0,1,0.00%,1,0
그릇되,VA,1,0.00%,1,0,0,0.00%,0,0,1,0.00%,1,0
그만이,VA,1,0.00%,1,0,0,0.00%,0,0,1,0.00%,1,0
그만하,VA,0,0.00%,0,0,1,0.00%,1,0,1,0.00%,1,0
그으르,VA,1,0.00%,1,0,0,0.00%,0,0,1,0.00%,1,0
그침없,VA,1,0.00%,1,0,0,0.00%,0,0,1,0.00%,1,0
기골차,VA,1,0.00%,1,0,0,0.00%,0,0,1,0.00%,1,0
기분좋,VA,1,0.00%,1,0,0,0.00%,0,0,1,0.00%,1,0
까리하,VA,1,0.00%,1,0,0,0.00%,0,0,1,0.00%,1,0
까슬하,VA,1,0.00%,1,0,0,0.00%,0,0,1,0.00%,1,0
깜찍하,VA,0,0.00%,0,0,1,0.00%,1,0,1,0.00%,1,0
꺼청하,VA,1,0.00%,1,0,0,0.00%,0,0,1,0.00%,1,0
꾀바르,VA,1,0.00%,1,0,0,0.00%,0,0,1,0.00%,1,0
끌질기,VA,1,0.00%,1,0,0,0.00%,0,0,1,0.00%,1,0
낄따랗,VA,0,0.00%,0,0,1,0.00%,1,0,1,0.00%,1,0
나들하,VA,1,0.00%,1,0,0,0.00%,0,0,1,0.00%,1,0
나아쁘,VA,1,0.00%,1,0,0,0.00%,0,0,1,0.00%,1,0
남짓하,VA,1,0.00%,1,0,0,0.00%,0,0,1,0.00%,1,0
낯뜨겁,VA,1,0.00%,1,0,0,0.00%,0,0,1,0.00%,1,0
내리덥,VA,1,0.00%,1,0,0,0.00%,0,0,1,0.00%,1,0
널럴하,VA,1,0.00%,1,0,0,0.00%,0,0,1,0.00%,1,0
널푸르,VA,1,0.00%,1,0,0,0.00%,0,0,1,0.00%,1,0
네모낳,VA,0,0.00%,0,0,1,0.00%,1,0,1,0.00%,1,0
노릇하,VA,1,0.00%,1,0,0,0.00%,0,0,1,0.00%,1,0
누기차,VA,1,0.00%,1,0,0,0.00%,0,0,1,0.00%,1,0
누우렇,VA,1,0.00%,1,0,0,0.00%,0,0,1,0.00%,1,0
느적이,VA,1,0.00%,1,0,0,0.00%,0,0,1,0.00%,1,0
늘큰하,VA,1,0.00%,1,0,0,0.00%,0,0,1,0.00%,1,0
능갈치,VA,1,0.00%,1,0,0,0.00%,0,0,1,0.00%,1,0
다기차,VA,1,0.00%,1,0,0,0.00%,0,0,1,0.00%,1,0
다담지,VA,1,0.00%,1,0,0,0.00%,0,0,1,0.00%,1,0
다름읍,VA,1,0.00%,1,0,0,0.00%,0,0,1,0.00%,1,0
다채롭,VA,1,0.00%,1,0,0,0.00%,0,0,1,0.00%,1,0
단조롭,VA,1,0.00%,1,0,0,0.00%,0,0,1,0.00%,1,0
단출하,VA,1,0.00%,1,0,0,0.00%,0,0,1,0.00%,1,0
댕그랗,VA,1,0.00%,1,0,0,0.00%,0,0,1,0.00%,1,0
댕그렇,VA,1,0.00%,1,0,0,0.00%,0,0,1,0.00%,1,0
더리적,VA,1,0.00%,1,0,0,0.00%,0,0,1,0.00%,1,0
덜큰하,VA,1,0.00%,1,0,0,0.00%,0,0,1,0.00%,1,0
덜퍽지,VA,1,0.00%,1,0,0,0.00%,0,0,1,0.00%,1,0
덩스럽,VA,1,0.00%,1,0,0,0.00%,0,0,1,0.00%,1,0
덩이지,VA,1,0.00%,1,0,0,0.00%,0,0,1,0.00%,1,0
데설궂,VA,1,0.00%,1,0,0,0.00%,0,0,1,0.00%,1,0
데퉁맞,VA,1,0.00%,1,0,0,0.00%,0,0,1,0.00%,1,0
뎅그렇,VA,1,0.00%,1,1,0,0.00%,0,0,1,0.00%,1,1
독살맞,VA,1,0.00%,1,0,0,0.00%,0,0,1,0.00%,1,0
돈바르,VA,1,0.00%,1,0,0,0.00%,0,0,1,0.00%,1,0
동곳하,VA,1,0.00%,1,0,0,0.00%,0,0,1,0.00%,1,0
동그맣,VA,1,0.00%,1,0,0,0.00%,0,0,1,0.00%,1,0
되다랗,VA,1,0.00%,1,0,0,0.00%,0,0,1,0.00%,1,0
되디되,VA,1,0.00%,1,0,0,0.00%,0,0,1,0.00%,1,0
두동지,VA,1,0.00%,1,0,0,0.00%,0,0,1,0.00%,1,0
둥그랗,VA,1,0.00%,1,0,0,0.00%,0,0,1,0.00%,1,0
둥그럽,VA,1,0.00%,1,0,0,0.00%,0,0,1,0.00%,1,0
뒤어나,VA,1,0.00%,1,0,0,0.00%,0,0,1,0.00%,1,0
듣드르,VA,1,0.00%,1,0,0,0.00%,0,0,1,0.00%,1,0
따사롭,VA,1,0.00%,1,0,0,0.00%,0,0,1,0.00%,1,0
땅땅하,VA,1,0.00%,1,0,0,0.00%,0,0,1,0.00%,1,0
땡그랗,VA,1,0.00%,1,0,0,0.00%,0,0,1,0.00%,1,0
땡그렇,VA,0,0.00%,0,0,1,0.00%,1,0,1,0.00%,1,0
뚱그렇,VA,1,0.00%,1,0,0,0.00%,0,0,1,0.00%,1,0
뜨아하,VA,1,0.00%,1,0,0,0.00%,0,0,1,0.00%,1,0
매마르,VA,1,0.00%,1,0,0,0.00%,0,0,1,0.00%,1,0
멀쓱하,VA,1,0.00%,1,0,0,0.00%,0,0,1,0.00%,1,0
목석같,VA,1,0.00%,1,0,0,0.00%,0,0,1,0.00%,1,0
몬생기,VA,1,0.00%,1,0,0,0.00%,0,0,1,0.00%,1,0
몰캉하,VA,1,0.00%,1,0,0,0.00%,0,0,1,0.00%,1,0
몽총하,VA,1,0.00%,1,0,0,0.00%,0,0,1,0.00%,1,0
무안쩍,VA,1,0.00%,1,0,0,0.00%,0,0,1,0.00%,1,0
무엇하,VA,1,0.00%,1,0,0,0.00%,0,0,1,0.00%,1,0
물렁하,VA,1,0.00%,1,0,0,0.00%,0,0,1,0.00%,1,0
물매지,VA,1,0.00%,1,0,0,0.00%,0,0,1,0.00%,1,0
물씬하,VA,1,0.00%,1,0,0,0.00%,0,0,1,0.00%,1,0
미련맞,VA,1,0.00%,1,0,0,0.00%,0,0,1,0.00%,1,0
미씸쩍,VA,1,0.00%,1,0,0,0.00%,0,0,1,0.00%,1,0
미안쩍,VA,1,0.00%,1,0,0,0.00%,0,0,1,0.00%,1,0
미츨하,VA,1,0.00%,1,0,0,0.00%,0,0,1,0.00%,1,0
반드럽,VA,1,0.00%,1,0,0,0.00%,0,0,1,0.00%,1,0
발록하,VA,1,0.00%,1,0,0,0.00%,0,0,1,0.00%,1,0
배불르,VA,0,0.00%,0,0,1,0.00%,1,0,1,0.00%,1,0
버성기,VA,1,0.00%,1,0,0,0.00%,0,0,1,0.00%,1,0
벨스럽,VA,1,0.00%,1,0,0,0.00%,0,0,1,0.00%,1,0
변덕맞,VA,1,0.00%,1,0,0,0.00%,0,0,1,0.00%,1,0
변변하,VA,1,0.00%,1,0,0,0.00%,0,0,1,0.00%,1,0
별시럽,VA,1,0.00%,1,0,0,0.00%,0,0,1,0.00%,1,0
보기좋,VA,1,0.00%,1,0,0,0.00%,0,0,1,0.00%,1,0
보다랍,VA,1,0.00%,1,0,0,0.00%,0,0,1,0.00%,1,0
볼록하,VA,1,0.00%,1,0,0,0.00%,0,0,1,0.00%,1,0
부족하,VA,1,0.00%,1,0,0,0.00%,0,0,1,0.00%,1,0
불리하,VA,1,0.00%,1,0,0,0.00%,0,0,1,0.00%,1,0
비뚜르,VA,1,0.00%,1,0,0,0.00%,0,0,1,0.00%,1,0
비슴하,VA,0,0.00%,0,0,1,0.00%,1,0,1,0.00%,1,0
비슷하,VA,1,0.00%,1,0,0,0.00%,0,0,1,0.00%,1,0
비쩍하,VA,1,0.00%,1,0,0,0.00%,0,0,1,0.00%,1,0
빌척하,VA,1,0.00%,1,0,0,0.00%,0,0,1,0.00%,1,0
빠삭하,VA,1,0.00%,1,0,0,0.00%,0,0,1,0.00%,1,0
빠안하,VA,1,0.00%,1,0,0,0.00%,0,0,1,0.00%,1,0
빡빡하,VA,1,0.00%,1,0,0,0.00%,0,0,1,0.00%,1,0
뼈져리,VA,1,0.00%,1,0,0,0.00%,0,0,1,0.00%,1,0
뽀독하,VA,1,0.00%,1,1,0,0.00%,0,0,1,0.00%,1,1
뿌리깊,VA,0,0.00%,0,0,1,0.00%,1,0,1,0.00%,1,0
사각지,VA,1,0.00%,1,0,0,0.00%,0,0,1,0.00%,1,0
살똥맞,VA,1,0.00%,1,0,0,0.00%,0,0,1,0.00%,1,0
살몃하,VA,1,0.00%,1,0,0,0.00%,0,0,1,0.00%,1,0
살팍지,VA,1,0.00%,1,0,0,0.00%,0,0,1,0.00%,1,0
새물나,VA,1,0.00%,1,0,0,0.00%,0,0,1,0.00%,1,0
새촘하,VA,1,0.00%,1,0,0,0.00%,0,0,1,0.00%,1,0
샛빨갛,VA,1,0.00%,1,0,0,0.00%,0,0,1,0.00%,1,0
샛푸르,VA,1,0.00%,1,0,0,0.00%,0,0,1,0.00%,1,0
생퉁맞,VA,1,0.00%,1,0,0,0.00%,0,0,1,0.00%,1,0
서거프,VA,1,0.00%,1,0,0,0.00%,0,0,1,0.00%,1,0
서두르,VA,1,0.00%,1,0,0,0.00%,0,0,1,0.00%,1,0
섬뜩하,VA,1,0.00%,1,0,0,0.00%,0,0,1,0.00%,1,0
섬찟하,VA,1,0.00%,1,0,0,0.00%,0,0,1,0.00%,1,0
성깔지,VA,1,0.00%,1,0,0,0.00%,0,0,1,0.00%,1,0
성명없,VA,1,0.00%,1,0,0,0.00%,0,0,1,0.00%,1,0
성큼하,VA,1,0.00%,1,0,0,0.00%,0,0,1,0.00%,1,0
성화같,VA,1,0.00%,1,0,0,0.00%,0,0,1,0.00%,1,0
세상없,VA,1,0.00%,1,0,0,0.00%,0,0,1,0.00%,1,0
소홀하,VA,0,0.00%,0,0,1,0.00%,1,0,1,0.00%,1,0
스스럽,VA,1,0.00%,1,0,0,0.00%,0,0,1,0.00%,1,0
슴슴하,VA,1,0.00%,1,0,0,0.00%,0,0,1,0.00%,1,0
시그럽,VA,1,0.00%,1,0,0,0.00%,0,0,1,0.00%,1,0
시꺼믛,VA,1,0.00%,1,0,0,0.00%,0,0,1,0.00%,1,0
시누렇,VA,1,0.00%,1,0,0,0.00%,0,0,1,0.00%,1,0
시디시,VA,1,0.00%,1,0,0,0.00%,0,0,1,0.00%,1,0
시름겹,VA,1,0.00%,1,0,0,0.00%,0,0,1,0.00%,1,0
시뻐겋,VA,1,0.00%,1,0,0,0.00%,0,0,1,0.00%,1,0
시쁜하,VA,1,0.00%,1,0,0,0.00%,0,0,1,0.00%,1,0
시컴하,VA,1,0.00%,1,0,0,0.00%,0,0,1,0.00%,1,0
심상찮,VA,1,0.00%,1,0,0,0.00%,0,0,1,0.00%,1,0
싯벌겋,VA,1,0.00%,1,0,0,0.00%,0,0,1,0.00%,1,0
싱검하,VA,1,0.00%,1,0,0,0.00%,0,0,1,0.00%,1,0
싱숭하,VA,1,0.00%,1,0,0,0.00%,0,0,1,0.00%,1,0
싸느랗,VA,1,0.00%,1,0,0,0.00%,0,0,1,0.00%,1,0
싹수없,VA,1,0.00%,1,0,0,0.00%,0,0,1,0.00%,1,0
쌔까맣,VA,0,0.00%,0,0,1,0.00%,1,0,1,0.00%,1,0
쏜살같,VA,1,0.00%,1,0,0,0.00%,0,0,1,0.00%,1,0
쓰고프,VA,1,0.00%,1,0,0,0.00%,0,0,1,0.00%,1,0
쓸데웂,VA,1,0.00%,1,0,0,0.00%,0,0,1,0.00%,1,0
씨꺼멓,VA,0,0.00%,0,0,1,0.00%,1,0,1,0.00%,1,0
씨식잖,VA,1,0.00%,1,0,0,0.00%,0,0,1,0.00%,1,0
씨커멓,VA,0,0.00%,0,0,1,0.00%,1,0,1,0.00%,1,0
아깝잖,VA,1,0.00%,1,0,0,0.00%,0,0,1,0.00%,1,0
아롱지,VA,1,0.00%,1,0,0,0.00%,0,0,1,0.00%,1,0
아름차,VA,1,0.00%,1,0,0,0.00%,0,0,1,0.00%,1,0
아쉽잖,VA,1,0.00%,1,0,0,0.00%,0,0,1,0.00%,1,0
아쌀하,VA,1,0.00%,1,0,0,0.00%,0,0,1,0.00%,1,0
안녕하,VA,0,0.00%,0,0,1,0.00%,1,0,1,0.00%,1,0
안씨럽,VA,1,0.00%,1,0,0,0.00%,0,0,1,0.00%,1,0
암상궂,VA,1,0.00%,1,0,0,0.00%,0,0,1,0.00%,1,0
앙상궂,VA,1,0.00%,1,0,0,0.00%,0,0,1,0.00%,1,0
애바르,VA,1,0.00%,1,0,0,0.00%,0,0,1,0.00%,1,0
야시럽,VA,1,0.00%,1,0,0,0.00%,0,0,1,0.00%,1,0
얕디얕,VA,1,0.00%,1,0,0,0.00%,0,0,1,0.00%,1,0
어더렇,VA,1,0.00%,1,0,0,0.00%,0,0,1,0.00%,1,0
어떻하,VA,1,0.00%,1,0,0,0.00%,0,0,1,0.00%,1,0
어리궂,VA,1,0.00%,1,0,0,0.00%,0,0,1,0.00%,1,0
어리셕,VA,1,0.00%,1,0,0,0.00%,0,0,1,0.00%,1,0
어어리,VA,1,0.00%,1,0,0,0.00%,0,0,1,0.00%,1,0
어울리,VA,1,0.00%,1,0,0,0.00%,0,0,1,0.00%,1,0
어중띠,VA,1,0.00%,1,0,0,0.00%,0,0,1,0.00%,1,0
얼빵지,VA,1,0.00%,1,0,0,0.00%,0,0,1,0.00%,1,0
얼큰하,VA,0,0.00%,0,0,1,0.00%,1,0,1,0.00%,1,0
여벌나,VA,1,0.00%,1,0,0,0.00%,0,0,1,0.00%,1,0
여유있,VA,0,0.00%,0,0,1,0.00%,1,0,1,0.00%,1,0
여의찮,VA,1,0.00%,1,0,0,0.00%,0,0,1,0.00%,1,0
역겨웁,VA,1,0.00%,1,0,0,0.00%,0,0,1,0.00%,1,0
연노랗,VA,1,0.00%,1,0,0,0.00%,0,0,1,0.00%,1,0
열퉁적,VA,1,0.00%,1,0,0,0.00%,0,0,1,0.00%,1,0
열퉁쩍,VA,1,0.00%,1,0,0,0.00%,0,0,1,0.00%,1,0
영낙없,VA,1,0.00%,1,0,0,0.00%,0,0,1,0.00%,1,0
예상찮,VA,1,0.00%,1,0,0,0.00%,0,0,1,0.00%,1,0
오닥지,VA,1,0.00%,1,0,0,0.00%,0,0,1,0.00%,1,0
오목하,VA,1,0.00%,1,0,0,0.00%,0,0,1,0.00%,1,0
오방지,VA,1,0.00%,1,0,0,0.00%,0,0,1,0.00%,1,0
오죽하,VA,1,0.00%,1,0,0,0.00%,0,0,1,0.00%,1,0
옳바르,VA,1,0.00%,1,0,0,0.00%,0,0,1,0.00%,1,0
우람차,VA,1,0.00%,1,0,0,0.00%,0,0,1,0.00%,1,0
웬간하,VA,1,0.00%,1,0,0,0.00%,0,0,1,0.00%,1,0
위두하,VA,1,0.00%,1,0,0,0.00%,0,0,1,0.00%,1,0
이르렇,VA,1,0.00%,1,0,0,0.00%,0,0,1,0.00%,1,0
이이렇,VA,1,0.00%,1,0,0,0.00%,0,0,1,0.00%,1,0
이지러,VA,1,0.00%,1,0,0,0.00%,0,0,1,0.00%,1,0
이채롭,VA,1,0.00%,1,0,0,0.00%,0,0,1,0.00%,1,0
입빠르,VA,1,0.00%,1,0,0,0.00%,0,0,1,0.00%,1,0
자그럽,VA,1,0.00%,1,0,0,0.00%,0,0,1,0.00%,1,0
자다랗,VA,1,0.00%,1,0,0,0.00%,0,0,1,0.00%,1,0
자발없,VA,1,0.00%,1,0,0,0.00%,0,0,1,0.00%,1,0
자살맞,VA,1,0.00%,1,0,0,0.00%,0,0,1,0.00%,1,0
자알나,VA,1,0.00%,1,0,0,0.00%,0,0,1,0.00%,1,0
자유롭,VA,1,0.00%,1,0,0,0.00%,0,0,1,0.00%,1,0
자잔하,VA,1,0.00%,1,0,0,0.00%,0,0,1,0.00%,1,0
작다랗,VA,1,0.00%,1,0,0,0.00%,0,0,1,0.00%,1,0
잗다랗,VA,1,0.00%,1,0,0,0.00%,0,0,1,0.00%,1,0
잘룩하,VA,1,0.00%,1,0,0,0.00%,0,0,1,0.00%,1,0
잘빠지,VA,1,0.00%,1,0,0,0.00%,0,0,1,0.00%,1,0
재그럽,VA,1,0.00%,1,0,0,0.00%,0,0,1,0.00%,1,0
재미나,VA,0,0.00%,0,0,1,0.00%,1,0,1,0.00%,1,0
재미지,VA,1,0.00%,1,0,0,0.00%,0,0,1,0.00%,1,0
재바르,VA,1,0.00%,1,1,0,0.00%,0,0,1,0.00%,1,1
쟁그럽,VA,1,0.00%,1,0,0,0.00%,0,0,1,0.00%,1,0
저저하,VA,1,0.00%,1,0,0,0.00%,0,0,1,0.00%,1,0
전반같,VA,1,0.00%,1,0,0,0.00%,0,0,1,0.00%,1,0
조요롭,VA,1,0.00%,1,0,0,0.00%,0,0,1,0.00%,1,0
종작없,VA,1,0.00%,1,0,0,0.00%,0,0,1,0.00%,1,0
좋아하,VA,1,0.00%,1,0,0,0.00%,0,0,1,0.00%,1,0
죄꼬맣,VA,1,0.00%,1,0,0,0.00%,0,0,1,0.00%,1,0
주착없,VA,1,0.00%,1,0,0,0.00%,0,0,1,0.00%,1,0
즐거웁,VA,1,0.00%,1,0,0,0.00%,0,0,1,0.00%,1,0
즐기차,VA,1,0.00%,1,0,0,0.00%,0,0,1,0.00%,1,0
지랄같,VA,0,0.00%,0,0,1,0.00%,1,0,1,0.00%,1,0
지랄맞,VA,1,0.00%,1,0,0,0.00%,0,0,1,0.00%,1,0
지릿하,VA,1,0.00%,1,0,0,0.00%,0,0,1,0.00%,1,0
진푸르,VA,1,0.00%,1,0,0,0.00%,0,0,1,0.00%,1,0
질악하,VA,1,0.00%,1,0,0,0.00%,0,0,1,0.00%,1,0
징그랍,VA,1,0.00%,1,0,0,0.00%,0,0,1,0.00%,1,0
징그랗,VA,1,0.00%,1,0,0,0.00%,0,0,1,0.00%,1,0
짙노랗,VA,1,0.00%,1,0,0,0.00%,0,0,1,0.00%,1,0
짙디짙,VA,1,0.00%,1,0,0,0.00%,0,0,1,0.00%,1,0
짜아하,VA,1,0.00%,1,0,0,0.00%,0,0,1,0.00%,1,0
짜잔하,VA,1,0.00%,1,0,0,0.00%,0,0,1,0.00%,1,0
짧다랗,VA,1,0.00%,1,0,0,0.00%,0,0,1,0.00%,1,0
짬짬하,VA,1,0.00%,1,0,0,0.00%,0,0,1,0.00%,1,0
째그맣,VA,0,0.00%,0,0,1,0.00%,1,0,1,0.00%,1,0
쪼꼬마,VA,0,0.00%,0,0,1,0.00%,1,0,1,0.00%,1,0
쪼잖하,VA,0,0.00%,0,0,1,0.00%,1,0,1,0.00%,1,0
쫀쫀하,VA,1,0.00%,1,0,0,0.00%,0,0,1,0.00%,1,0
찌릇하,VA,1,0.00%,1,0,0,0.00%,0,0,1,0.00%,1,0
찌릿하,VA,1,0.00%,1,0,0,0.00%,0,0,1,0.00%,1,0
차가웁,VA,1,0.00%,1,0,0,0.00%,0,0,1,0.00%,1,0
참다랗,VA,1,0.00%,1,0,0,0.00%,0,0,1,0.00%,1,0
찹찹하,VA,1,0.00%,1,1,0,0.00%,0,0,1,0.00%,1,1
추상같,VA,1,0.00%,1,0,0,0.00%,0,0,1,0.00%,1,0
치째지,VA,1,0.00%,1,0,0,0.00%,0,0,1,0.00%,1,0
캄캄하,VA,1,0.00%,1,0,0,0.00%,0,0,1,0.00%,1,0
컬컬하,VA,1,0.00%,1,1,0,0.00%,0,0,1,0.00%,1,1
쾌쾌하,VA,1,0.00%,1,1,0,0.00%,0,0,1,0.00%,1,1
퀘퀘묶,VA,1,0.00%,1,0,0,0.00%,0,0,1,0.00%,1,0
크낙하,VA,1,0.00%,1,0,0,0.00%,0,0,1,0.00%,1,0
크다랗,VA,0,0.00%,0,0,1,0.00%,1,0,1,0.00%,1,0
크디크,VA,1,0.00%,1,0,0,0.00%,0,0,1,0.00%,1,0
큰일나,VA,0,0.00%,0,0,1,0.00%,1,0,1,0.00%,1,0
틉틉허,VA,1,0.00%,1,0,0,0.00%,0,0,1,0.00%,1,0
퍼어렇,VA,1,0.00%,1,0,0,0.00%,0,0,1,0.00%,1,0
펀펀하,VA,1,0.00%,1,0,0,0.00%,0,0,1,0.00%,1,0
펑퍼지,VA,1,0.00%,1,0,0,0.00%,0,0,1,0.00%,1,0
포시럽,VA,1,0.00%,1,0,0,0.00%,0,0,1,0.00%,1,0
푼푼하,VA,1,0.00%,1,0,0,0.00%,0,0,1,0.00%,1,0
품위있,VA,0,0.00%,0,0,1,0.00%,1,0,1,0.00%,1,0
하고프,VA,0,0.00%,0,0,1,0.00%,1,0,1,0.00%,1,0
하이하,VA,1,0.00%,1,0,0,0.00%,0,0,1,0.00%,1,0
한갖지,VA,1,0.00%,1,0,0,0.00%,0,0,1,0.00%,1,0
한스럽,VA,1,0.00%,1,0,0,0.00%,0,0,1,0.00%,1,0
할랑하,VA,1,0.00%,1,0,0,0.00%,0,0,1,0.00%,1,0
해말갛,VA,1,0.00%,1,0,0,0.00%,0,0,1,0.00%,1,0
해망쩍,VA,1,0.00%,1,0,0,0.00%,0,0,1,0.00%,1,0
해이하,VA,0,0.00%,0,0,1,0.00%,1,0,1,0.00%,1,0
햇갈리,VA,0,0.00%,0,0,1,0.00%,1,0,1,0.00%,1,0
허구허,VA,0,0.00%,0,0,1,0.00%,1,0,1,0.00%,1,0
허울좋,VA,1,0.00%,1,0,0,0.00%,0,0,1,0.00%,1,0
험상궃,VA,1,0.00%,1,0,0,0.00%,0,0,1,0.00%,1,0
혁혁하,VA,1,0.00%,1,0,0,0.00%,0,0,1,0.00%,1,0
화끈하,VA,1,0.00%,1,0,0,0.00%,0,0,1,0.00%,1,0
화안하,VA,1,0.00%,1,0,0,0.00%,0,0,1,0.00%,1,0
회붐하,VA,1,0.00%,1,0,0,0.00%,0,0,1,0.00%,1,0
후끈허,VA,1,0.00%,1,0,0,0.00%,0,0,1,0.00%,1,0
훠언하,VA,1,0.00%,1,0,0,0.00%,0,0,1,0.00%,1,0
휘번하,VA,1,0.00%,1,0,0,0.00%,0,0,1,0.00%,1,0
휘뿌옇,VA,1,0.00%,1,0,0,0.00%,0,0,1,0.00%,1,0
휘엿하,VA,1,0.00%,1,0,0,0.00%,0,0,1,0.00%,1,0
휘헝하,VA,1,0.00%,1,0,0,0.00%,0,0,1,0.00%,1,0
흠벅지,VA,1,0.00%,1,0,0,0.00%,0,0,1,0.00%,1,0
흠칠하,VA,1,0.00%,1,0,0,0.00%,0,0,1,0.00%,1,0
흥미롭,VA,0,0.00%,0,0,1,0.00%,1,0,1,0.00%,1,0
희디히,VA,1,0.00%,1,0,0,0.00%,0,0,1,0.00%,1,0
만만(하),VA,0,0.00%,0,0,1,0.00%,1,0,1,0.00%,1,0
가늘다랗,VA,1,0.00%,1,0,0,0.00%,0,0,1,0.00%,1,0
가증스럽,VA,1,0.00%,1,0,0,0.00%,0,0,1,0.00%,1,0
가풀막지,VA,1,0.00%,1,0,0,0.00%,0,0,1,0.00%,1,0
간들어지,VA,1,0.00%,1,0,0,0.00%,0,0,1,0.00%,1,0
감때사납,VA,1,0.00%,1,0,0,0.00%,0,0,1,0.00%,1,0
겔러빠지,VA,1,0.00%,1,0,0,0.00%,0,0,1,0.00%,1,0
괘꽝스럽,VA,1,0.00%,1,0,0,0.00%,0,0,1,0.00%,1,0
그럴사하,VA,1,0.00%,1,0,0,0.00%,0,0,1,0.00%,1,0
근던지럽,VA,1,0.00%,1,0,0,0.00%,0,0,1,0.00%,1,0
기뚱거리,VA,1,0.00%,1,0,0,0.00%,0,0,1,0.00%,1,0
길길다랗,VA,1,0.00%,1,0,0,0.00%,0,0,1,0.00%,1,0
께름직하,VA,1,0.00%,1,0,0,0.00%,0,0,1,0.00%,1,0
꼬부라지,VA,1,0.00%,1,0,0,0.00%,0,0,1,0.00%,1,0
나부죽하,VA,1,0.00%,1,0,0,0.00%,0,0,1,0.00%,1,0
너누룩하,VA,1,0.00%,1,0,0,0.00%,0,0,1,0.00%,1,0
노리끼하,VA,1,0.00%,1,0,0,0.00%,0,0,1,0.00%,1,0
누리끼하,VA,1,0.00%,1,0,0,0.00%,0,0,1,0.00%,1,0
느려터지,VA,1,0.00%,1,0,0,0.00%,0,0,1,0.00%,1,0
느즈막하,VA,1,0.00%,1,0,0,0.00%,0,0,1,0.00%,1,0
능글스럽,VA,1,0.00%,1,0,0,0.00%,0,0,1,0.00%,1,0
다보록하,VA,1,0.00%,1,0,0,0.00%,0,0,1,0.00%,1,0
대수롭잖,VA,1,0.00%,1,0,0,0.00%,0,0,1,0.00%,1,0
대퉁스럽,VA,1,0.00%,1,0,0,0.00%,0,0,1,0.00%,1,0
덩그라하,VA,1,0.00%,1,0,0,0.00%,0,0,1,0.00%,1,0
도두라지,VA,1,0.00%,1,0,0,0.00%,0,0,1,0.00%,1,0
똑부러지,VA,1,0.00%,1,0,0,0.00%,0,0,1,0.00%,1,0
뜹뜨름하,VA,1,0.00%,1,0,0,0.00%,0,0,1,0.00%,1,0
멋드러지,VA,1,0.00%,1,0,0,0.00%,0,0,1,0.00%,1,0
무추룸하,VA,1,0.00%,1,0,0,0.00%,0,0,1,0.00%,1,0
묵지룩하,VA,1,0.00%,1,0,0,0.00%,0,0,1,0.00%,1,0
미욱스럽,VA,1,0.00%,1,0,0,0.00%,0,0,1,0.00%,1,0
발칙스럽,VA,1,0.00%,1,0,0,0.00%,0,0,1,0.00%,1,0
볼상사납,VA,1,0.00%,1,0,0,0.00%,0,0,1,0.00%,1,0
볼성사납,VA,1,0.00%,1,0,0,0.00%,0,0,1,0.00%,1,0
볼쌍사납,VA,1,0.00%,1,0,0,0.00%,0,0,1,0.00%,1,0
부득이하,VA,1,0.00%,1,0,0,0.00%,0,0,1,0.00%,1,0
부지런하,VA,1,0.00%,1,0,0,0.00%,0,0,1,0.00%,1,0
불그레지,VA,1,0.00%,1,0,0,0.00%,0,0,1,0.00%,1,0
붉그스럽,VA,1,0.00%,1,0,0,0.00%,0,0,1,0.00%,1,0
비뚜름하,VA,1,0.00%,1,0,0,0.00%,0,0,1,0.00%,1,0
뻐들겅하,VA,1,0.00%,1,0,0,0.00%,0,0,1,0.00%,1,0
뻐들컹하,VA,1,0.00%,1,0,0,0.00%,0,0,1,0.00%,1,0
삐뚜름하,VA,1,0.00%,1,0,0,0.00%,0,0,1,0.00%,1,0
살똥스럽,VA,1,0.00%,1,0,0,0.00%,0,0,1,0.00%,1,0
새똥빠지,VA,1,0.00%,1,0,0,0.00%,0,0,1,0.00%,1,0
새초롬하,VA,1,0.00%,1,0,0,0.00%,0,0,1,0.00%,1,0
서스럼없,VA,1,0.00%,1,0,0,0.00%,0,0,1,0.00%,1,0
성가스럽,VA,1,0.00%,1,0,0,0.00%,0,0,1,0.00%,1,0
수그러들,VA,1,0.00%,1,0,0,0.00%,0,0,1,0.00%,1,0
시망스럽,VA,1,0.00%,1,0,0,0.00%,0,0,1,0.00%,1,0
신비스럽,VA,0,0.00%,0,0,1,0.00%,1,0,1,0.00%,1,0
앗싸리하,VA,1,0.00%,1,0,0,0.00%,0,0,1,0.00%,1,0
애살스럽,VA,1,0.00%,1,0,0,0.00%,0,0,1,0.00%,1,0
야경스럽,VA,1,0.00%,1,0,0,0.00%,0,0,1,0.00%,1,0
약싹빠르,VA,1,0.00%,1,0,0,0.00%,0,0,1,0.00%,1,0
얄망스럽,VA,1,0.00%,1,0,0,0.00%,0,0,1,0.00%,1,0
얌전스럽,VA,1,0.00%,1,0,0,0.00%,0,0,1,0.00%,1,0
얕으막하,VA,1,0.00%,1,0,0,0.00%,0,0,1,0.00%,1,0
어스름하,VA,1,0.00%,1,0,0,0.00%,0,0,1,0.00%,1,0
어쭙지않,VA,1,0.00%,1,0,0,0.00%,0,0,1,0.00%,1,0
여물딱지,VA,1,0.00%,1,0,0,0.00%,0,0,1,0.00%,1,0
요상스럽,VA,1,0.00%,1,0,0,0.00%,0,0,1,0.00%,1,0
우세스럽,VA,1,0.00%,1,0,0,0.00%,0,0,1,0.00%,1,0
우중충하,VA,1,0.00%,1,0,0,0.00%,0,0,1,0.00%,1,0
자깝스럽,VA,1,0.00%,1,0,0,0.00%,0,0,1,0.00%,1,0
자자분하,VA,1,0.00%,1,0,0,0.00%,0,0,1,0.00%,1,0
잔조름하,VA,1,0.00%,1,0,0,0.00%,0,0,1,0.00%,1,0
재재바르,VA,1,0.00%,1,0,0,0.00%,0,0,1,0.00%,1,0
지더리적,VA,1,0.00%,1,0,0,0.00%,0,0,1,0.00%,1,0
짙푸르르,VA,1,0.00%,1,0,0,0.00%,0,0,1,0.00%,1,0
쬐끄만하,VA,0,0.00%,0,0,1,0.00%,1,0,1,0.00%,1,0
천덕스럽,VA,1,0.00%,1,0,0,0.00%,0,0,1,0.00%,1,0
타이트하,VA,1,0.00%,1,0,0,0.00%,0,0,1,0.00%,1,0
텀턱시럽,VA,1,0.00%,1,0,0,0.00%,0,0,1,0.00%,1,0
퉁어리적,VA,1,0.00%,1,0,0,0.00%,0,0,1,0.00%,1,0
푸더분하,VA,1,0.00%,1,0,0,0.00%,0,0,1,0.00%,1,0
허수룩하,VA,1,0.00%,1,0,0,0.00%,0,0,1,0.00%,1,0
허잘것없,VA,1,0.00%,1,0,0,0.00%,0,0,1,0.00%,1,0
호동그랗,VA,1,0.00%,1,0,0,0.00%,0,0,1,0.00%,1,0
휑뎅그렇,VA,1,0.00%,1,0,0,0.00%,0,0,1,0.00%,1,0
휘둥그리,VA,1,0.00%,1,0,0,0.00%,0,0,1,0.00%,1,0
흔들리우,VA,1,0.00%,1,0,0,0.00%,0,0,1,0.00%,1,0
희부옇하,VA,1,0.00%,1,0,0,0.00%,0,0,1,0.00%,1,0
거추장시럽,VA,1,0.00%,1,0,0,0.00%,0,0,1,0.00%,1,0
거치장스럽,VA,1,0.00%,1,0,0,0.00%,0,0,1,0.00%,1,0
게을러터지,VA,1,0.00%,1,0,0,0.00%,0,0,1,0.00%,1,0
궁시렁거리,VA,1,0.00%,1,0,0,0.00%,0,0,1,0.00%,1,0
까시까시랗,VA,1,0.00%,1,0,0,0.00%,0,0,1,0.00%,1,0
꺼림텁텁하,VA,1,0.00%,1,0,0,0.00%,0,0,1,0.00%,1,0
나긋나긋하,VA,1,0.00%,1,0,0,0.00%,0,0,1,0.00%,1,0
누덕누덕하,VA,0,0.00%,0,0,1,0.00%,1,0,1,0.00%,1,0
독야청청하,VA,1,0.00%,1,0,0,0.00%,0,0,1,0.00%,1,0
모지락시럽,VA,1,0.00%,1,0,0,0.00%,0,0,1,0.00%,1,0
무지막스럽,VA,1,0.00%,1,0,0,0.00%,0,0,1,0.00%,1,0
번뜻번뜻하,VA,1,0.00%,1,0,0,0.00%,0,0,1,0.00%,1,0
뻑적지근하,VA,1,0.00%,1,0,0,0.00%,0,0,1,0.00%,1,0
슬프디슬프,VA,1,0.00%,1,0,0,0.00%,0,0,1,0.00%,1,0
시시껄렁하,VA,1,0.00%,1,0,0,0.00%,0,0,1,0.00%,1,0
아금박스럽,VA,1,0.00%,1,0,0,0.00%,0,0,1,0.00%,1,0
어둑스레하,VA,1,0.00%,1,0,0,0.00%,0,0,1,0.00%,1,0
어푸수수하,VA,1,0.00%,1,0,0,0.00%,0,0,1,0.00%,1,0
인정사정없,VA,1,0.00%,1,0,0,0.00%,0,0,1,0.00%,1,0
조그만씩하,VA,1,0.00%,1,0,0,0.00%,0,0,1,0.00%,1,0
지긋지긋하,VA,1,0.00%,1,0,0,0.00%,0,0,1,0.00%,1,0
찌뿌두둥하,VA,1,0.00%,1,0,0,0.00%,0,0,1,0.00%,1,0
채신머리없,VA,1,0.00%,1,0,0,0.00%,0,0,1,0.00%,1,0
초롱초롱하,VA,1,0.00%,1,0,0,0.00%,0,0,1,0.00%,1,0
퍼르스름하,VA,1,0.00%,1,0,0,0.00%,0,0,1,0.00%,1,0
헐수할수없,VA,1,0.00%,1,0,0,0.00%,0,0,1,0.00%,1,0
호리호리하,VA,1,0.00%,1,0,0,0.00%,0,0,1,0.00%,1,0
흔하디흔하,VA,1,0.00%,1,0,0,0.00%,0,0,1,0.00%,1,0
서글프디서글프,VA,1,0.00%,1,0,0,0.00%,0,0,1,0.00%,1,0